"Route of Travel","Quarter","Statistic Label","UNIT","VALUE"
"All Routes","1985Q1","Visitors to Ireland","Thousand","254"
"All Routes","1985Q1","Visits Abroad by Irish Residents","Thousand","186"
"All Routes","1985Q2","Visitors to Ireland","Thousand","495"
"All Routes","1985Q2","Visits Abroad by Irish Residents","Thousand","336"
"All Routes","1985Q3","Visitors to Ireland","Thousand","840"
"All Routes","1985Q3","Visits Abroad by Irish Residents","Thousand","495"
"All Routes","1985Q4","Visitors to Ireland","Thousand","324"
"All Routes","1985Q4","Visits Abroad by Irish Residents","Thousand","240"
"All Routes","1986Q1","Visitors to Ireland","Thousand","255"
"All Routes","1986Q1","Visits Abroad by Irish Residents","Thousand","213"
"All Routes","1986Q2","Visitors to Ireland","Thousand","455"
"All Routes","1986Q2","Visits Abroad by Irish Residents","Thousand","339"
"All Routes","1986Q3","Visitors to Ireland","Thousand","770"
"All Routes","1986Q3","Visits Abroad by Irish Residents","Thousand","551"
"All Routes","1986Q4","Visitors to Ireland","Thousand","332"
"All Routes","1986Q4","Visits Abroad by Irish Residents","Thousand","272"
"All Routes","1987Q1","Visitors to Ireland","Thousand","273"
"All Routes","1987Q1","Visits Abroad by Irish Residents","Thousand","210"
"All Routes","1987Q2","Visitors to Ireland","Thousand","536"
"All Routes","1987Q2","Visits Abroad by Irish Residents","Thousand","416"
"All Routes","1987Q3","Visitors to Ireland","Thousand","865"
"All Routes","1987Q3","Visits Abroad by Irish Residents","Thousand","613"
"All Routes","1987Q4","Visitors to Ireland","Thousand","365"
"All Routes","1987Q4","Visits Abroad by Irish Residents","Thousand","327"
"All Routes","1988Q1","Visitors to Ireland","Thousand","332"
"All Routes","1988Q1","Visits Abroad by Irish Residents","Thousand","266"
"All Routes","1988Q2","Visitors to Ireland","Thousand","593"
"All Routes","1988Q2","Visits Abroad by Irish Residents","Thousand","440"
"All Routes","1988Q3","Visitors to Ireland","Thousand","963"
"All Routes","1988Q3","Visits Abroad by Irish Residents","Thousand","690"
"All Routes","1988Q4","Visitors to Ireland","Thousand","457"
"All Routes","1988Q4","Visits Abroad by Irish Residents","Thousand","351"
"All Routes","1989Q1","Visitors to Ireland","Thousand","426"
"All Routes","1989Q1","Visits Abroad by Irish Residents","Thousand","312"
"All Routes","1989Q2","Visitors to Ireland","Thousand","667"
"All Routes","1989Q2","Visits Abroad by Irish Residents","Thousand","461"
"All Routes","1989Q3","Visitors to Ireland","Thousand","1106"
"All Routes","1989Q3","Visits Abroad by Irish Residents","Thousand","694"
"All Routes","1989Q4","Visitors to Ireland","Thousand","533"
"All Routes","1989Q4","Visits Abroad by Irish Residents","Thousand","347"
"All Routes","1990Q1","Visitors to Ireland","Thousand","427"
"All Routes","1990Q1","Visits Abroad by Irish Residents","Thousand","310"
"All Routes","1990Q2","Visitors to Ireland","Thousand","831"
"All Routes","1990Q2","Visits Abroad by Irish Residents","Thousand","496"
"All Routes","1990Q3","Visitors to Ireland","Thousand","1247"
"All Routes","1990Q3","Visits Abroad by Irish Residents","Thousand","669"
"All Routes","1990Q4","Visitors to Ireland","Thousand","564"
"All Routes","1990Q4","Visits Abroad by Irish Residents","Thousand","324"
"All Routes","1991Q1","Visitors to Ireland","Thousand","411"
"All Routes","1991Q1","Visits Abroad by Irish Residents","Thousand","319"
"All Routes","1991Q2","Visitors to Ireland","Thousand","805"
"All Routes","1991Q2","Visits Abroad by Irish Residents","Thousand","439"
"All Routes","1991Q3","Visitors to Ireland","Thousand","1222"
"All Routes","1991Q3","Visits Abroad by Irish Residents","Thousand","659"
"All Routes","1991Q4","Visitors to Ireland","Thousand","559"
"All Routes","1991Q4","Visits Abroad by Irish Residents","Thousand","345"
"All Routes","1992Q1","Visitors to Ireland","Thousand","423"
"All Routes","1992Q1","Visits Abroad by Irish Residents","Thousand","324"
"All Routes","1992Q2","Visitors to Ireland","Thousand","854"
"All Routes","1992Q2","Visits Abroad by Irish Residents","Thousand","522"
"All Routes","1992Q3","Visitors to Ireland","Thousand","1276"
"All Routes","1992Q3","Visits Abroad by Irish Residents","Thousand","733"
"All Routes","1992Q4","Visitors to Ireland","Thousand","575"
"All Routes","1992Q4","Visits Abroad by Irish Residents","Thousand","388"
"All Routes","1993Q1","Visitors to Ireland","Thousand","464"
"All Routes","1993Q1","Visits Abroad by Irish Residents","Thousand","339"
"All Routes","1993Q2","Visitors to Ireland","Thousand","890"
"All Routes","1993Q2","Visits Abroad by Irish Residents","Thousand","529"
"All Routes","1993Q3","Visitors to Ireland","Thousand","1335"
"All Routes","1993Q3","Visits Abroad by Irish Residents","Thousand","763"
"All Routes","1993Q4","Visitors to Ireland","Thousand","643"
"All Routes","1993Q4","Visits Abroad by Irish Residents","Thousand","426"
"All Routes","1994Q1","Visitors to Ireland","Thousand","527"
"All Routes","1994Q1","Visits Abroad by Irish Residents","Thousand","424"
"All Routes","1994Q2","Visitors to Ireland","Thousand","974"
"All Routes","1994Q2","Visits Abroad by Irish Residents","Thousand","614"
"All Routes","1994Q3","Visitors to Ireland","Thousand","1480"
"All Routes","1994Q3","Visits Abroad by Irish Residents","Thousand","838"
"All Routes","1994Q4","Visitors to Ireland","Thousand","701"
"All Routes","1994Q4","Visits Abroad by Irish Residents","Thousand","492"
"All Routes","1995Q1","Visitors to Ireland","Thousand","615"
"All Routes","1995Q1","Visits Abroad by Irish Residents","Thousand","423"
"All Routes","1995Q2","Visitors to Ireland","Thousand","1118"
"All Routes","1995Q2","Visits Abroad by Irish Residents","Thousand","694"
"All Routes","1995Q3","Visitors to Ireland","Thousand","1701"
"All Routes","1995Q3","Visits Abroad by Irish Residents","Thousand","884"
"All Routes","1995Q4","Visitors to Ireland","Thousand","822"
"All Routes","1995Q4","Visits Abroad by Irish Residents","Thousand","546"
"All Routes","1996Q1","Visitors to Ireland","Thousand","685"
"All Routes","1996Q1","Visits Abroad by Irish Residents","Thousand","518"
"All Routes","1996Q2","Visitors to Ireland","Thousand","1317"
"All Routes","1996Q2","Visits Abroad by Irish Residents","Thousand","711"
"All Routes","1996Q3","Visitors to Ireland","Thousand","1819"
"All Routes","1996Q3","Visits Abroad by Irish Residents","Thousand","929"
"All Routes","1996Q4","Visitors to Ireland","Thousand","918"
"All Routes","1996Q4","Visits Abroad by Irish Residents","Thousand","575"
"All Routes","1997Q1","Visitors to Ireland","Thousand","781"
"All Routes","1997Q1","Visits Abroad by Irish Residents","Thousand","581"
"All Routes","1997Q2","Visitors to Ireland","Thousand","1412"
"All Routes","1997Q2","Visits Abroad by Irish Residents","Thousand","799"
"All Routes","1997Q3","Visitors to Ireland","Thousand","1932"
"All Routes","1997Q3","Visits Abroad by Irish Residents","Thousand","1016"
"All Routes","1997Q4","Visitors to Ireland","Thousand","1040"
"All Routes","1997Q4","Visits Abroad by Irish Residents","Thousand","656"
"All Routes","1998Q1","Visitors to Ireland","Thousand","867"
"All Routes","1998Q1","Visits Abroad by Irish Residents","Thousand","616"
"All Routes","1998Q2","Visitors to Ireland","Thousand","1568"
"All Routes","1998Q2","Visits Abroad by Irish Residents","Thousand","894"
"All Routes","1998Q3","Visitors to Ireland","Thousand","2120"
"All Routes","1998Q3","Visits Abroad by Irish Residents","Thousand","1096"
"All Routes","1998Q4","Visitors to Ireland","Thousand","1161"
"All Routes","1998Q4","Visits Abroad by Irish Residents","Thousand","724"
"All Routes","1999Q1","Visitors to Ireland","Thousand","999"
"All Routes","1999Q1","Visits Abroad by Irish Residents","Thousand","714"
"All Routes","1999Q2","Visitors to Ireland","Thousand","1679"
"All Routes","1999Q2","Visits Abroad by Irish Residents","Thousand","971"
"All Routes","1999Q3","Visitors to Ireland","Thousand","2168"
"All Routes","1999Q3","Visits Abroad by Irish Residents","Thousand","1140"
"All Routes","1999Q4","Visitors to Ireland","Thousand","1221"
"All Routes","1999Q4","Visits Abroad by Irish Residents","Thousand","751"
"All Routes","2000Q1","Visitors to Ireland","Thousand","1050"
"All Routes","2000Q1","Visits Abroad by Irish Residents","Thousand","708"
"All Routes","2000Q2","Visitors to Ireland","Thousand","1732"
"All Routes","2000Q2","Visits Abroad by Irish Residents","Thousand","1036"
"All Routes","2000Q3","Visitors to Ireland","Thousand","2245"
"All Routes","2000Q3","Visits Abroad by Irish Residents","Thousand","1245"
"All Routes","2000Q4","Visitors to Ireland","Thousand","1283"
"All Routes","2000Q4","Visits Abroad by Irish Residents","Thousand","795"
"All Routes","2001Q1","Visitors to Ireland","Thousand","1020"
"All Routes","2001Q1","Visits Abroad by Irish Residents","Thousand","757"
"All Routes","2001Q2","Visitors to Ireland","Thousand","1624"
"All Routes","2001Q2","Visits Abroad by Irish Residents","Thousand","1137"
"All Routes","2001Q3","Visitors to Ireland","Thousand","2092"
"All Routes","2001Q3","Visits Abroad by Irish Residents","Thousand","1434"
"All Routes","2001Q4","Visitors to Ireland","Thousand","1255"
"All Routes","2001Q4","Visits Abroad by Irish Residents","Thousand","887"
"All Routes","2002Q1","Visitors to Ireland","Thousand","1121"
"All Routes","2002Q1","Visits Abroad by Irish Residents","Thousand","891"
"All Routes","2002Q2","Visitors to Ireland","Thousand","1613"
"All Routes","2002Q2","Visits Abroad by Irish Residents","Thousand","1208"
"All Routes","2002Q3","Visitors to Ireland","Thousand","2045"
"All Routes","2002Q3","Visits Abroad by Irish Residents","Thousand","1554"
"All Routes","2002Q4","Visitors to Ireland","Thousand","1286"
"All Routes","2002Q4","Visits Abroad by Irish Residents","Thousand","981"
"All Routes","2003Q1","Visitors to Ireland","Thousand","1118"
"All Routes","2003Q1","Visits Abroad by Irish Residents","Thousand","939"
"All Routes","2003Q2","Visitors to Ireland","Thousand","1704"
"All Routes","2003Q2","Visits Abroad by Irish Residents","Thousand","1323"
"All Routes","2003Q3","Visitors to Ireland","Thousand","2187"
"All Routes","2003Q3","Visits Abroad by Irish Residents","Thousand","1593"
"All Routes","2003Q4","Visitors to Ireland","Thousand","1360"
"All Routes","2003Q4","Visits Abroad by Irish Residents","Thousand","1074"
"All Routes","2004Q1","Visitors to Ireland","Thousand","1212"
"All Routes","2004Q1","Visits Abroad by Irish Residents","Thousand","1039"
"All Routes","2004Q2","Visitors to Ireland","Thousand","1762"
"All Routes","2004Q2","Visits Abroad by Irish Residents","Thousand","1431"
"All Routes","2004Q3","Visitors to Ireland","Thousand","2173"
"All Routes","2004Q3","Visits Abroad by Irish Residents","Thousand","1749"
"All Routes","2004Q4","Visitors to Ireland","Thousand","1428"
"All Routes","2004Q4","Visits Abroad by Irish Residents","Thousand","1190"
"All Routes","2005Q1","Visitors to Ireland","Thousand","1290"
"All Routes","2005Q1","Visits Abroad by Irish Residents","Thousand","1208"
"All Routes","2005Q2","Visitors to Ireland","Thousand","1803"
"All Routes","2005Q2","Visits Abroad by Irish Residents","Thousand","1626"
"All Routes","2005Q3","Visitors to Ireland","Thousand","2308"
"All Routes","2005Q3","Visits Abroad by Irish Residents","Thousand","1963"
"All Routes","2005Q4","Visitors to Ireland","Thousand","1574"
"All Routes","2005Q4","Visits Abroad by Irish Residents","Thousand","1316"
"All Routes","2006Q1","Visitors to Ireland","Thousand","1390"
"All Routes","2006Q1","Visits Abroad by Irish Residents","Thousand","1346"
"All Routes","2006Q2","Visitors to Ireland","Thousand","2112"
"All Routes","2006Q2","Visits Abroad by Irish Residents","Thousand","1826"
"All Routes","2006Q3","Visitors to Ireland","Thousand","2506"
"All Routes","2006Q3","Visits Abroad by Irish Residents","Thousand","2146"
"All Routes","2006Q4","Visitors to Ireland","Thousand","1701"
"All Routes","2006Q4","Visits Abroad by Irish Residents","Thousand","1530"
"All Routes","2007Q1","Visitors to Ireland","Thousand","1478"
"All Routes","2007Q1","Visits Abroad by Irish Residents","Thousand","1575"
"All Routes","2007Q2","Visitors to Ireland","Thousand","2138"
"All Routes","2007Q2","Visits Abroad by Irish Residents","Thousand","2048"
"All Routes","2007Q3","Visitors to Ireland","Thousand","2645"
"All Routes","2007Q3","Visits Abroad by Irish Residents","Thousand","2356"
"All Routes","2007Q4","Visitors to Ireland","Thousand","1756"
"All Routes","2007Q4","Visits Abroad by Irish Residents","Thousand","1734"
"All Routes","2008Q1","Visitors to Ireland","Thousand","1542"
"All Routes","2008Q1","Visits Abroad by Irish Residents","Thousand","1762"
"All Routes","2008Q2","Visitors to Ireland","Thousand","2159"
"All Routes","2008Q2","Visits Abroad by Irish Residents","Thousand","2051"
"All Routes","2008Q3","Visitors to Ireland","Thousand","2472"
"All Routes","2008Q3","Visits Abroad by Irish Residents","Thousand","2428"
"All Routes","2008Q4","Visitors to Ireland","Thousand","1665"
"All Routes","2008Q4","Visits Abroad by Irish Residents","Thousand","1636"
"Air Cross Channel","1985Q1","Visitors to Ireland","Thousand","110"
"Air Cross Channel","1985Q1","Visits Abroad by Irish Residents","Thousand","65"
"Air Cross Channel","1985Q2","Visitors to Ireland","Thousand","142"
"Air Cross Channel","1985Q2","Visits Abroad by Irish Residents","Thousand","91"
"Air Cross Channel","1985Q3","Visitors to Ireland","Thousand","186"
"Air Cross Channel","1985Q3","Visits Abroad by Irish Residents","Thousand","113"
"Air Cross Channel","1985Q4","Visitors to Ireland","Thousand","112"
"Air Cross Channel","1985Q4","Visits Abroad by Irish Residents","Thousand","95"
"Air Cross Channel","1986Q1","Visitors to Ireland","Thousand","106"
"Air Cross Channel","1986Q1","Visits Abroad by Irish Residents","Thousand","86"
"Air Cross Channel","1986Q2","Visitors to Ireland","Thousand","129"
"Air Cross Channel","1986Q2","Visits Abroad by Irish Residents","Thousand","101"
"Air Cross Channel","1986Q3","Visitors to Ireland","Thousand","201"
"Air Cross Channel","1986Q3","Visits Abroad by Irish Residents","Thousand","152"
"Air Cross Channel","1986Q4","Visitors to Ireland","Thousand","143"
"Air Cross Channel","1986Q4","Visits Abroad by Irish Residents","Thousand","123"
"Air Cross Channel","1987Q1","Visitors to Ireland","Thousand","141"
"Air Cross Channel","1987Q1","Visits Abroad by Irish Residents","Thousand","99"
"Air Cross Channel","1987Q2","Visitors to Ireland","Thousand","185"
"Air Cross Channel","1987Q2","Visits Abroad by Irish Residents","Thousand","141"
"Air Cross Channel","1987Q3","Visitors to Ireland","Thousand","270"
"Air Cross Channel","1987Q3","Visits Abroad by Irish Residents","Thousand","198"
"Air Cross Channel","1987Q4","Visitors to Ireland","Thousand","172"
"Air Cross Channel","1987Q4","Visits Abroad by Irish Residents","Thousand","158"
"Air Cross Channel","1988Q1","Visitors to Ireland","Thousand","183"
"Air Cross Channel","1988Q1","Visits Abroad by Irish Residents","Thousand","145"
"Air Cross Channel","1988Q2","Visitors to Ireland","Thousand","239"
"Air Cross Channel","1988Q2","Visits Abroad by Irish Residents","Thousand","180"
"Air Cross Channel","1988Q3","Visitors to Ireland","Thousand","339"
"Air Cross Channel","1988Q3","Visits Abroad by Irish Residents","Thousand","244"
"Air Cross Channel","1988Q4","Visitors to Ireland","Thousand","238"
"Air Cross Channel","1988Q4","Visits Abroad by Irish Residents","Thousand","192"
"Air Cross Channel","1989Q1","Visitors to Ireland","Thousand","231"
"Air Cross Channel","1989Q1","Visits Abroad by Irish Residents","Thousand","177"
"Air Cross Channel","1989Q2","Visitors to Ireland","Thousand","277"
"Air Cross Channel","1989Q2","Visits Abroad by Irish Residents","Thousand","204"
"Air Cross Channel","1989Q3","Visitors to Ireland","Thousand","411"
"Air Cross Channel","1989Q3","Visits Abroad by Irish Residents","Thousand","254"
"Air Cross Channel","1989Q4","Visitors to Ireland","Thousand","289"
"Air Cross Channel","1989Q4","Visits Abroad by Irish Residents","Thousand","196"
"Air Cross Channel","1990Q1","Visitors to Ireland","Thousand","258"
"Air Cross Channel","1990Q1","Visits Abroad by Irish Residents","Thousand","191"
"Air Cross Channel","1990Q2","Visitors to Ireland","Thousand","345"
"Air Cross Channel","1990Q2","Visits Abroad by Irish Residents","Thousand","225"
"Air Cross Channel","1990Q3","Visitors to Ireland","Thousand","449"
"Air Cross Channel","1990Q3","Visits Abroad by Irish Residents","Thousand","269"
"Air Cross Channel","1990Q4","Visitors to Ireland","Thousand","299"
"Air Cross Channel","1990Q4","Visits Abroad by Irish Residents","Thousand","174"
"Air Cross Channel","1991Q1","Visitors to Ireland","Thousand","222"
"Air Cross Channel","1991Q1","Visits Abroad by Irish Residents","Thousand","172"
"Air Cross Channel","1991Q2","Visitors to Ireland","Thousand","297"
"Air Cross Channel","1991Q2","Visits Abroad by Irish Residents","Thousand","184"
"Air Cross Channel","1991Q3","Visitors to Ireland","Thousand","403"
"Air Cross Channel","1991Q3","Visits Abroad by Irish Residents","Thousand","235"
"Air Cross Channel","1991Q4","Visitors to Ireland","Thousand","278"
"Air Cross Channel","1991Q4","Visits Abroad by Irish Residents","Thousand","179"
"Air Cross Channel","1992Q1","Visitors to Ireland","Thousand","231"
"Air Cross Channel","1992Q1","Visits Abroad by Irish Residents","Thousand","184"
"Air Cross Channel","1992Q2","Visitors to Ireland","Thousand","317"
"Air Cross Channel","1992Q2","Visits Abroad by Irish Residents","Thousand","224"
"Air Cross Channel","1992Q3","Visitors to Ireland","Thousand","440"
"Air Cross Channel","1992Q3","Visits Abroad by Irish Residents","Thousand","265"
"Air Cross Channel","1992Q4","Visitors to Ireland","Thousand","284"
"Air Cross Channel","1992Q4","Visits Abroad by Irish Residents","Thousand","200"
"Air Cross Channel","1993Q1","Visitors to Ireland","Thousand","252"
"Air Cross Channel","1993Q1","Visits Abroad by Irish Residents","Thousand","177"
"Air Cross Channel","1993Q2","Visitors to Ireland","Thousand","340"
"Air Cross Channel","1993Q2","Visits Abroad by Irish Residents","Thousand","208"
"Air Cross Channel","1993Q3","Visitors to Ireland","Thousand","418"
"Air Cross Channel","1993Q3","Visits Abroad by Irish Residents","Thousand","272"
"Air Cross Channel","1993Q4","Visitors to Ireland","Thousand","294"
"Air Cross Channel","1993Q4","Visits Abroad by Irish Residents","Thousand","213"
"Air Cross Channel","1994Q1","Visitors to Ireland","Thousand","263"
"Air Cross Channel","1994Q1","Visits Abroad by Irish Residents","Thousand","240"
"Air Cross Channel","1994Q2","Visitors to Ireland","Thousand","383"
"Air Cross Channel","1994Q2","Visits Abroad by Irish Residents","Thousand","249"
"Air Cross Channel","1994Q3","Visitors to Ireland","Thousand","483"
"Air Cross Channel","1994Q3","Visits Abroad by Irish Residents","Thousand","319"
"Air Cross Channel","1994Q4","Visitors to Ireland","Thousand","358"
"Air Cross Channel","1994Q4","Visits Abroad by Irish Residents","Thousand","264"
"Air Cross Channel","1995Q1","Visitors to Ireland","Thousand","343"
"Air Cross Channel","1995Q1","Visits Abroad by Irish Residents","Thousand","252"
"Air Cross Channel","1995Q2","Visitors to Ireland","Thousand","441"
"Air Cross Channel","1995Q2","Visits Abroad by Irish Residents","Thousand","297"
"Air Cross Channel","1995Q3","Visitors to Ireland","Thousand","584"
"Air Cross Channel","1995Q3","Visits Abroad by Irish Residents","Thousand","344"
"Air Cross Channel","1995Q4","Visitors to Ireland","Thousand","432"
"Air Cross Channel","1995Q4","Visits Abroad by Irish Residents","Thousand","307"
"Air Cross Channel","1996Q1","Visitors to Ireland","Thousand","400"
"Air Cross Channel","1996Q1","Visits Abroad by Irish Residents","Thousand","328"
"Air Cross Channel","1996Q2","Visitors to Ireland","Thousand","523"
"Air Cross Channel","1996Q2","Visits Abroad by Irish Residents","Thousand","325"
"Air Cross Channel","1996Q3","Visitors to Ireland","Thousand","652"
"Air Cross Channel","1996Q3","Visits Abroad by Irish Residents","Thousand","400"
"Air Cross Channel","1996Q4","Visitors to Ireland","Thousand","490"
"Air Cross Channel","1996Q4","Visits Abroad by Irish Residents","Thousand","344"
"Air Cross Channel","1997Q1","Visitors to Ireland","Thousand","440"
"Air Cross Channel","1997Q1","Visits Abroad by Irish Residents","Thousand","365"
"Air Cross Channel","1997Q2","Visitors to Ireland","Thousand","613"
"Air Cross Channel","1997Q2","Visits Abroad by Irish Residents","Thousand","397"
"Air Cross Channel","1997Q3","Visitors to Ireland","Thousand","700"
"Air Cross Channel","1997Q3","Visits Abroad by Irish Residents","Thousand","437"
"Air Cross Channel","1997Q4","Visitors to Ireland","Thousand","552"
"Air Cross Channel","1997Q4","Visits Abroad by Irish Residents","Thousand","372"
"Air Cross Channel","1998Q1","Visitors to Ireland","Thousand","495"
"Air Cross Channel","1998Q1","Visits Abroad by Irish Residents","Thousand","367"
"Air Cross Channel","1998Q2","Visitors to Ireland","Thousand","666"
"Air Cross Channel","1998Q2","Visits Abroad by Irish Residents","Thousand","418"
"Air Cross Channel","1998Q3","Visitors to Ireland","Thousand","794"
"Air Cross Channel","1998Q3","Visits Abroad by Irish Residents","Thousand","457"
"Air Cross Channel","1998Q4","Visitors to Ireland","Thousand","615"
"Air Cross Channel","1998Q4","Visits Abroad by Irish Residents","Thousand","399"
"Air Cross Channel","1999Q1","Visitors to Ireland","Thousand","580"
"Air Cross Channel","1999Q1","Visits Abroad by Irish Residents","Thousand","401"
"Air Cross Channel","1999Q2","Visitors to Ireland","Thousand","744"
"Air Cross Channel","1999Q2","Visits Abroad by Irish Residents","Thousand","411"
"Air Cross Channel","1999Q3","Visitors to Ireland","Thousand","859"
"Air Cross Channel","1999Q3","Visits Abroad by Irish Residents","Thousand","423"
"Air Cross Channel","1999Q4","Visitors to Ireland","Thousand","654"
"Air Cross Channel","1999Q4","Visits Abroad by Irish Residents","Thousand","383"
"Air Cross Channel","2000Q1","Visitors to Ireland","Thousand","613"
"Air Cross Channel","2000Q1","Visits Abroad by Irish Residents","Thousand","363"
"Air Cross Channel","2000Q2","Visitors to Ireland","Thousand","782"
"Air Cross Channel","2000Q2","Visits Abroad by Irish Residents","Thousand","404"
"Air Cross Channel","2000Q3","Visitors to Ireland","Thousand","928"
"Air Cross Channel","2000Q3","Visits Abroad by Irish Residents","Thousand","421"
"Air Cross Channel","2000Q4","Visitors to Ireland","Thousand","724"
"Air Cross Channel","2000Q4","Visits Abroad by Irish Residents","Thousand","388"
"Air Cross Channel","2001Q1","Visitors to Ireland","Thousand","600"
"Air Cross Channel","2001Q1","Visits Abroad by Irish Residents","Thousand","358"
"Air Cross Channel","2001Q2","Visitors to Ireland","Thousand","754"
"Air Cross Channel","2001Q2","Visits Abroad by Irish Residents","Thousand","416"
"Air Cross Channel","2001Q3","Visitors to Ireland","Thousand","894"
"Air Cross Channel","2001Q3","Visits Abroad by Irish Residents","Thousand","466"
"Air Cross Channel","2001Q4","Visitors to Ireland","Thousand","722"
"Air Cross Channel","2001Q4","Visits Abroad by Irish Residents","Thousand","430"
"Air Cross Channel","2002Q1","Visitors to Ireland","Thousand","668"
"Air Cross Channel","2002Q1","Visits Abroad by Irish Residents","Thousand","432"
"Air Cross Channel","2002Q2","Visitors to Ireland","Thousand","762"
"Air Cross Channel","2002Q2","Visits Abroad by Irish Residents","Thousand","439"
"Air Cross Channel","2002Q3","Visitors to Ireland","Thousand","898"
"Air Cross Channel","2002Q3","Visits Abroad by Irish Residents","Thousand","492"
"Air Cross Channel","2002Q4","Visitors to Ireland","Thousand","744"
"Air Cross Channel","2002Q4","Visits Abroad by Irish Residents","Thousand","463"
"Air Cross Channel","2003Q1","Visitors to Ireland","Thousand","673"
"Air Cross Channel","2003Q1","Visits Abroad by Irish Residents","Thousand","428"
"Air Cross Channel","2003Q2","Visitors to Ireland","Thousand","826"
"Air Cross Channel","2003Q2","Visits Abroad by Irish Residents","Thousand","427"
"Air Cross Channel","2003Q3","Visitors to Ireland","Thousand","957"
"Air Cross Channel","2003Q3","Visits Abroad by Irish Residents","Thousand","476"
"Air Cross Channel","2003Q4","Visitors to Ireland","Thousand","797"
"Air Cross Channel","2003Q4","Visits Abroad by Irish Residents","Thousand","494"
"Air Cross Channel","2004Q1","Visitors to Ireland","Thousand","743"
"Air Cross Channel","2004Q1","Visits Abroad by Irish Residents","Thousand","485"
"Air Cross Channel","2004Q2","Visitors to Ireland","Thousand","861"
"Air Cross Channel","2004Q2","Visits Abroad by Irish Residents","Thousand","485"
"Air Cross Channel","2004Q3","Visitors to Ireland","Thousand","967"
"Air Cross Channel","2004Q3","Visits Abroad by Irish Residents","Thousand","514"
"Air Cross Channel","2004Q4","Visitors to Ireland","Thousand","841"
"Air Cross Channel","2004Q4","Visits Abroad by Irish Residents","Thousand","498"
"Air Cross Channel","2005Q1","Visitors to Ireland","Thousand","767"
"Air Cross Channel","2005Q1","Visits Abroad by Irish Residents","Thousand","526"
"Air Cross Channel","2005Q2","Visitors to Ireland","Thousand","876"
"Air Cross Channel","2005Q2","Visits Abroad by Irish Residents","Thousand","588"
"Air Cross Channel","2005Q3","Visitors to Ireland","Thousand","1055"
"Air Cross Channel","2005Q3","Visits Abroad by Irish Residents","Thousand","566"
"Air Cross Channel","2005Q4","Visitors to Ireland","Thousand","897"
"Air Cross Channel","2005Q4","Visits Abroad by Irish Residents","Thousand","535"
"Air Cross Channel","2006Q1","Visitors to Ireland","Thousand","839"
"Air Cross Channel","2006Q1","Visits Abroad by Irish Residents","Thousand","559"
"Air Cross Channel","2006Q2","Visitors to Ireland","Thousand","1029"
"Air Cross Channel","2006Q2","Visits Abroad by Irish Residents","Thousand","581"
"Air Cross Channel","2006Q3","Visitors to Ireland","Thousand","1120"
"Air Cross Channel","2006Q3","Visits Abroad by Irish Residents","Thousand","550"
"Air Cross Channel","2006Q4","Visitors to Ireland","Thousand","912"
"Air Cross Channel","2006Q4","Visits Abroad by Irish Residents","Thousand","562"
"Air Cross Channel","2007Q1","Visitors to Ireland","Thousand","767"
"Air Cross Channel","2007Q1","Visits Abroad by Irish Residents","Thousand","600"
"Air Cross Channel","2007Q2","Visitors to Ireland","Thousand","985"
"Air Cross Channel","2007Q2","Visits Abroad by Irish Residents","Thousand","578"
"Air Cross Channel","2007Q3","Visitors to Ireland","Thousand","1102"
"Air Cross Channel","2007Q3","Visits Abroad by Irish Residents","Thousand","574"
"Air Cross Channel","2007Q4","Visitors to Ireland","Thousand","901"
"Air Cross Channel","2007Q4","Visits Abroad by Irish Residents","Thousand","604"
"Air Cross Channel","2008Q1","Visitors to Ireland","Thousand","822"
"Air Cross Channel","2008Q1","Visits Abroad by Irish Residents","Thousand","642"
"Air Cross Channel","2008Q2","Visitors to Ireland","Thousand","960"
"Air Cross Channel","2008Q2","Visits Abroad by Irish Residents","Thousand","609"
"Air Cross Channel","2008Q3","Visitors to Ireland","Thousand","1065"
"Air Cross Channel","2008Q3","Visits Abroad by Irish Residents","Thousand","613"
"Air Cross Channel","2008Q4","Visitors to Ireland","Thousand","843"
"Air Cross Channel","2008Q4","Visits Abroad by Irish Residents","Thousand","604"
"Sea Cross Channel","1985Q1","Visitors to Ireland","Thousand","101"
"Sea Cross Channel","1985Q1","Visits Abroad by Irish Residents","Thousand","75"
"Sea Cross Channel","1985Q2","Visitors to Ireland","Thousand","224"
"Sea Cross Channel","1985Q2","Visits Abroad by Irish Residents","Thousand","130"
"Sea Cross Channel","1985Q3","Visitors to Ireland","Thousand","422"
"Sea Cross Channel","1985Q3","Visits Abroad by Irish Residents","Thousand","216"
"Sea Cross Channel","1985Q4","Visitors to Ireland","Thousand","149"
"Sea Cross Channel","1985Q4","Visits Abroad by Irish Residents","Thousand","91"
"Sea Cross Channel","1986Q1","Visitors to Ireland","Thousand","110"
"Sea Cross Channel","1986Q1","Visits Abroad by Irish Residents","Thousand","76"
"Sea Cross Channel","1986Q2","Visitors to Ireland","Thousand","200"
"Sea Cross Channel","1986Q2","Visits Abroad by Irish Residents","Thousand","117"
"Sea Cross Channel","1986Q3","Visitors to Ireland","Thousand","361"
"Sea Cross Channel","1986Q3","Visits Abroad by Irish Residents","Thousand","215"
"Sea Cross Channel","1986Q4","Visitors to Ireland","Thousand","129"
"Sea Cross Channel","1986Q4","Visits Abroad by Irish Residents","Thousand","86"
"Sea Cross Channel","1987Q1","Visitors to Ireland","Thousand","90"
"Sea Cross Channel","1987Q1","Visits Abroad by Irish Residents","Thousand","65"
"Sea Cross Channel","1987Q2","Visitors to Ireland","Thousand","212"
"Sea Cross Channel","1987Q2","Visits Abroad by Irish Residents","Thousand","122"
"Sea Cross Channel","1987Q3","Visitors to Ireland","Thousand","352"
"Sea Cross Channel","1987Q3","Visits Abroad by Irish Residents","Thousand","204"
"Sea Cross Channel","1987Q4","Visitors to Ireland","Thousand","133"
"Sea Cross Channel","1987Q4","Visits Abroad by Irish Residents","Thousand","97"
"Sea Cross Channel","1988Q1","Visitors to Ireland","Thousand","102"
"Sea Cross Channel","1988Q1","Visits Abroad by Irish Residents","Thousand","63"
"Sea Cross Channel","1988Q2","Visitors to Ireland","Thousand","208"
"Sea Cross Channel","1988Q2","Visits Abroad by Irish Residents","Thousand","89"
"Sea Cross Channel","1988Q3","Visitors to Ireland","Thousand","373"
"Sea Cross Channel","1988Q3","Visits Abroad by Irish Residents","Thousand","183"
"Sea Cross Channel","1988Q4","Visitors to Ireland","Thousand","142"
"Sea Cross Channel","1988Q4","Visits Abroad by Irish Residents","Thousand","74"
"Sea Cross Channel","1989Q1","Visitors to Ireland","Thousand","133"
"Sea Cross Channel","1989Q1","Visits Abroad by Irish Residents","Thousand","64"
"Sea Cross Channel","1989Q2","Visitors to Ireland","Thousand","225"
"Sea Cross Channel","1989Q2","Visits Abroad by Irish Residents","Thousand","88"
"Sea Cross Channel","1989Q3","Visitors to Ireland","Thousand","406"
"Sea Cross Channel","1989Q3","Visits Abroad by Irish Residents","Thousand","187"
"Sea Cross Channel","1989Q4","Visitors to Ireland","Thousand","158"
"Sea Cross Channel","1989Q4","Visits Abroad by Irish Residents","Thousand","72"
"Sea Cross Channel","1990Q1","Visitors to Ireland","Thousand","107"
"Sea Cross Channel","1990Q1","Visits Abroad by Irish Residents","Thousand","54"
"Sea Cross Channel","1990Q2","Visitors to Ireland","Thousand","276"
"Sea Cross Channel","1990Q2","Visits Abroad by Irish Residents","Thousand","107"
"Sea Cross Channel","1990Q3","Visitors to Ireland","Thousand","453"
"Sea Cross Channel","1990Q3","Visits Abroad by Irish Residents","Thousand","173"
"Sea Cross Channel","1990Q4","Visitors to Ireland","Thousand","169"
"Sea Cross Channel","1990Q4","Visits Abroad by Irish Residents","Thousand","74"
"Sea Cross Channel","1991Q1","Visitors to Ireland","Thousand","126"
"Sea Cross Channel","1991Q1","Visits Abroad by Irish Residents","Thousand","74"
"Sea Cross Channel","1991Q2","Visitors to Ireland","Thousand","290"
"Sea Cross Channel","1991Q2","Visits Abroad by Irish Residents","Thousand","114"
"Sea Cross Channel","1991Q3","Visitors to Ireland","Thousand","467"
"Sea Cross Channel","1991Q3","Visits Abroad by Irish Residents","Thousand","197"
"Sea Cross Channel","1991Q4","Visitors to Ireland","Thousand","177"
"Sea Cross Channel","1991Q4","Visits Abroad by Irish Residents","Thousand","87"
"Sea Cross Channel","1992Q1","Visitors to Ireland","Thousand","121"
"Sea Cross Channel","1992Q1","Visits Abroad by Irish Residents","Thousand","70"
"Sea Cross Channel","1992Q2","Visitors to Ireland","Thousand","301"
"Sea Cross Channel","1992Q2","Visits Abroad by Irish Residents","Thousand","117"
"Sea Cross Channel","1992Q3","Visitors to Ireland","Thousand","462"
"Sea Cross Channel","1992Q3","Visits Abroad by Irish Residents","Thousand","200"
"Sea Cross Channel","1992Q4","Visitors to Ireland","Thousand","179"
"Sea Cross Channel","1992Q4","Visits Abroad by Irish Residents","Thousand","98"
"Sea Cross Channel","1993Q1","Visitors to Ireland","Thousand","134"
"Sea Cross Channel","1993Q1","Visits Abroad by Irish Residents","Thousand","74"
"Sea Cross Channel","1993Q2","Visitors to Ireland","Thousand","317"
"Sea Cross Channel","1993Q2","Visits Abroad by Irish Residents","Thousand","121"
"Sea Cross Channel","1993Q3","Visitors to Ireland","Thousand","504"
"Sea Cross Channel","1993Q3","Visits Abroad by Irish Residents","Thousand","213"
"Sea Cross Channel","1993Q4","Visitors to Ireland","Thousand","215"
"Sea Cross Channel","1993Q4","Visits Abroad by Irish Residents","Thousand","118"
"Sea Cross Channel","1994Q1","Visitors to Ireland","Thousand","173"
"Sea Cross Channel","1994Q1","Visits Abroad by Irish Residents","Thousand","93"
"Sea Cross Channel","1994Q2","Visitors to Ireland","Thousand","323"
"Sea Cross Channel","1994Q2","Visits Abroad by Irish Residents","Thousand","134"
"Sea Cross Channel","1994Q3","Visitors to Ireland","Thousand","527"
"Sea Cross Channel","1994Q3","Visits Abroad by Irish Residents","Thousand","212"
"Sea Cross Channel","1994Q4","Visitors to Ireland","Thousand","202"
"Sea Cross Channel","1994Q4","Visits Abroad by Irish Residents","Thousand","113"
"Sea Cross Channel","1995Q1","Visitors to Ireland","Thousand","162"
"Sea Cross Channel","1995Q1","Visits Abroad by Irish Residents","Thousand","66"
"Sea Cross Channel","1995Q2","Visitors to Ireland","Thousand","383"
"Sea Cross Channel","1995Q2","Visits Abroad by Irish Residents","Thousand","140"
"Sea Cross Channel","1995Q3","Visitors to Ireland","Thousand","613"
"Sea Cross Channel","1995Q3","Visits Abroad by Irish Residents","Thousand","198"
"Sea Cross Channel","1995Q4","Visitors to Ireland","Thousand","236"
"Sea Cross Channel","1995Q4","Visits Abroad by Irish Residents","Thousand","107"
"Sea Cross Channel","1996Q1","Visitors to Ireland","Thousand","171"
"Sea Cross Channel","1996Q1","Visits Abroad by Irish Residents","Thousand","51"
"Sea Cross Channel","1996Q2","Visitors to Ireland","Thousand","439"
"Sea Cross Channel","1996Q2","Visits Abroad by Irish Residents","Thousand","124"
"Sea Cross Channel","1996Q3","Visitors to Ireland","Thousand","620"
"Sea Cross Channel","1996Q3","Visits Abroad by Irish Residents","Thousand","189"
"Sea Cross Channel","1996Q4","Visitors to Ireland","Thousand","246"
"Sea Cross Channel","1996Q4","Visits Abroad by Irish Residents","Thousand","93"
"Sea Cross Channel","1997Q1","Visitors to Ireland","Thousand","199"
"Sea Cross Channel","1997Q1","Visits Abroad by Irish Residents","Thousand","69"
"Sea Cross Channel","1997Q2","Visitors to Ireland","Thousand","443"
"Sea Cross Channel","1997Q2","Visits Abroad by Irish Residents","Thousand","127"
"Sea Cross Channel","1997Q3","Visitors to Ireland","Thousand","707"
"Sea Cross Channel","1997Q3","Visits Abroad by Irish Residents","Thousand","190"
"Sea Cross Channel","1997Q4","Visitors to Ireland","Thousand","286"
"Sea Cross Channel","1997Q4","Visits Abroad by Irish Residents","Thousand","106"
"Sea Cross Channel","1998Q1","Visitors to Ireland","Thousand","205"
"Sea Cross Channel","1998Q1","Visits Abroad by Irish Residents","Thousand","70"
"Sea Cross Channel","1998Q2","Visitors to Ireland","Thousand","521"
"Sea Cross Channel","1998Q2","Visits Abroad by Irish Residents","Thousand","129"
"Sea Cross Channel","1998Q3","Visitors to Ireland","Thousand","728"
"Sea Cross Channel","1998Q3","Visits Abroad by Irish Residents","Thousand","189"
"Sea Cross Channel","1998Q4","Visitors to Ireland","Thousand","299"
"Sea Cross Channel","1998Q4","Visits Abroad by Irish Residents","Thousand","101"
"Sea Cross Channel","1999Q1","Visitors to Ireland","Thousand","207"
"Sea Cross Channel","1999Q1","Visits Abroad by Irish Residents","Thousand","69"
"Sea Cross Channel","1999Q2","Visitors to Ireland","Thousand","523"
"Sea Cross Channel","1999Q2","Visits Abroad by Irish Residents","Thousand","133"
"Sea Cross Channel","1999Q3","Visitors to Ireland","Thousand","667"
"Sea Cross Channel","1999Q3","Visits Abroad by Irish Residents","Thousand","169"
"Sea Cross Channel","1999Q4","Visitors to Ireland","Thousand","280"
"Sea Cross Channel","1999Q4","Visits Abroad by Irish Residents","Thousand","83"
"Sea Cross Channel","2000Q1","Visitors to Ireland","Thousand","194"
"Sea Cross Channel","2000Q1","Visits Abroad by Irish Residents","Thousand","71"
"Sea Cross Channel","2000Q2","Visitors to Ireland","Thousand","468"
"Sea Cross Channel","2000Q2","Visits Abroad by Irish Residents","Thousand","112"
"Sea Cross Channel","2000Q3","Visitors to Ireland","Thousand","631"
"Sea Cross Channel","2000Q3","Visits Abroad by Irish Residents","Thousand","156"
"Sea Cross Channel","2000Q4","Visitors to Ireland","Thousand","224"
"Sea Cross Channel","2000Q4","Visits Abroad by Irish Residents","Thousand","75"
"Sea Cross Channel","2001Q1","Visitors to Ireland","Thousand","157"
"Sea Cross Channel","2001Q1","Visits Abroad by Irish Residents","Thousand","63"
"Sea Cross Channel","2001Q2","Visitors to Ireland","Thousand","369"
"Sea Cross Channel","2001Q2","Visits Abroad by Irish Residents","Thousand","107"
"Sea Cross Channel","2001Q3","Visitors to Ireland","Thousand","552"
"Sea Cross Channel","2001Q3","Visits Abroad by Irish Residents","Thousand","178"
"Sea Cross Channel","2001Q4","Visitors to Ireland","Thousand","235"
"Sea Cross Channel","2001Q4","Visits Abroad by Irish Residents","Thousand","90"
"Sea Cross Channel","2002Q1","Visitors to Ireland","Thousand","193"
"Sea Cross Channel","2002Q1","Visits Abroad by Irish Residents","Thousand","71"
"Sea Cross Channel","2002Q2","Visitors to Ireland","Thousand","389"
"Sea Cross Channel","2002Q2","Visits Abroad by Irish Residents","Thousand","110"
"Sea Cross Channel","2002Q3","Visitors to Ireland","Thousand","544"
"Sea Cross Channel","2002Q3","Visits Abroad by Irish Residents","Thousand","153"
"Sea Cross Channel","2002Q4","Visitors to Ireland","Thousand","209"
"Sea Cross Channel","2002Q4","Visits Abroad by Irish Residents","Thousand","80"
"Sea Cross Channel","2003Q1","Visitors to Ireland","Thousand","152"
"Sea Cross Channel","2003Q1","Visits Abroad by Irish Residents","Thousand","72"
"Sea Cross Channel","2003Q2","Visitors to Ireland","Thousand","362"
"Sea Cross Channel","2003Q2","Visits Abroad by Irish Residents","Thousand","116"
"Sea Cross Channel","2003Q3","Visitors to Ireland","Thousand","539"
"Sea Cross Channel","2003Q3","Visits Abroad by Irish Residents","Thousand","147"
"Sea Cross Channel","2003Q4","Visitors to Ireland","Thousand","208"
"Sea Cross Channel","2003Q4","Visits Abroad by Irish Residents","Thousand","72"
"Sea Cross Channel","2004Q1","Visitors to Ireland","Thousand","136"
"Sea Cross Channel","2004Q1","Visits Abroad by Irish Residents","Thousand","65"
"Sea Cross Channel","2004Q2","Visitors to Ireland","Thousand","358"
"Sea Cross Channel","2004Q2","Visits Abroad by Irish Residents","Thousand","103"
"Sea Cross Channel","2004Q3","Visitors to Ireland","Thousand","512"
"Sea Cross Channel","2004Q3","Visits Abroad by Irish Residents","Thousand","138"
"Sea Cross Channel","2004Q4","Visitors to Ireland","Thousand","186"
"Sea Cross Channel","2004Q4","Visits Abroad by Irish Residents","Thousand","78"
"Sea Cross Channel","2005Q1","Visitors to Ireland","Thousand","151"
"Sea Cross Channel","2005Q1","Visits Abroad by Irish Residents","Thousand","73"
"Sea Cross Channel","2005Q2","Visitors to Ireland","Thousand","297"
"Sea Cross Channel","2005Q2","Visits Abroad by Irish Residents","Thousand","85"
"Sea Cross Channel","2005Q3","Visitors to Ireland","Thousand","467"
"Sea Cross Channel","2005Q3","Visits Abroad by Irish Residents","Thousand","118"
"Sea Cross Channel","2005Q4","Visitors to Ireland","Thousand","170"
"Sea Cross Channel","2005Q4","Visits Abroad by Irish Residents","Thousand","59"
"Sea Cross Channel","2006Q1","Visitors to Ireland","Thousand","116"
"Sea Cross Channel","2006Q1","Visits Abroad by Irish Residents","Thousand","54"
"Sea Cross Channel","2006Q2","Visitors to Ireland","Thousand","289"
"Sea Cross Channel","2006Q2","Visits Abroad by Irish Residents","Thousand","90"
"Sea Cross Channel","2006Q3","Visitors to Ireland","Thousand","418"
"Sea Cross Channel","2006Q3","Visits Abroad by Irish Residents","Thousand","129"
"Sea Cross Channel","2006Q4","Visitors to Ireland","Thousand","160"
"Sea Cross Channel","2006Q4","Visits Abroad by Irish Residents","Thousand","68"
"Sea Cross Channel","2007Q1","Visitors to Ireland","Thousand","131"
"Sea Cross Channel","2007Q1","Visits Abroad by Irish Residents","Thousand","53"
"Sea Cross Channel","2007Q2","Visitors to Ireland","Thousand","289"
"Sea Cross Channel","2007Q2","Visits Abroad by Irish Residents","Thousand","99"
"Sea Cross Channel","2007Q3","Visitors to Ireland","Thousand","439"
"Sea Cross Channel","2007Q3","Visits Abroad by Irish Residents","Thousand","108"
"Sea Cross Channel","2007Q4","Visitors to Ireland","Thousand","162"
"Sea Cross Channel","2007Q4","Visits Abroad by Irish Residents","Thousand","75"
"Sea Cross Channel","2008Q1","Visitors to Ireland","Thousand","141"
"Sea Cross Channel","2008Q1","Visits Abroad by Irish Residents","Thousand","67"
"Sea Cross Channel","2008Q2","Visitors to Ireland","Thousand","258"
"Sea Cross Channel","2008Q2","Visits Abroad by Irish Residents","Thousand","89"
"Sea Cross Channel","2008Q3","Visitors to Ireland","Thousand","353"
"Sea Cross Channel","2008Q3","Visits Abroad by Irish Residents","Thousand","129"
"Sea Cross Channel","2008Q4","Visitors to Ireland","Thousand","138"
"Sea Cross Channel","2008Q4","Visits Abroad by Irish Residents","Thousand","73"
"Continental Europe","1985Q1","Visitors to Ireland","Thousand","28"
"Continental Europe","1985Q1","Visits Abroad by Irish Residents","Thousand","41"
"Continental Europe","1985Q2","Visitors to Ireland","Thousand","68"
"Continental Europe","1985Q2","Visits Abroad by Irish Residents","Thousand","101"
"Continental Europe","1985Q3","Visitors to Ireland","Thousand","121"
"Continental Europe","1985Q3","Visits Abroad by Irish Residents","Thousand","140"
"Continental Europe","1985Q4","Visitors to Ireland","Thousand","36"
"Continental Europe","1985Q4","Visits Abroad by Irish Residents","Thousand","46"
"Continental Europe","1986Q1","Visitors to Ireland","Thousand","23"
"Continental Europe","1986Q1","Visits Abroad by Irish Residents","Thousand","45"
"Continental Europe","1986Q2","Visitors to Ireland","Thousand","69"
"Continental Europe","1986Q2","Visits Abroad by Irish Residents","Thousand","102"
"Continental Europe","1986Q3","Visitors to Ireland","Thousand","119"
"Continental Europe","1986Q3","Visits Abroad by Irish Residents","Thousand","153"
"Continental Europe","1986Q4","Visitors to Ireland","Thousand","31"
"Continental Europe","1986Q4","Visits Abroad by Irish Residents","Thousand","50"
"Continental Europe","1987Q1","Visitors to Ireland","Thousand","21"
"Continental Europe","1987Q1","Visits Abroad by Irish Residents","Thousand","41"
"Continental Europe","1987Q2","Visitors to Ireland","Thousand","81"
"Continental Europe","1987Q2","Visits Abroad by Irish Residents","Thousand","132"
"Continental Europe","1987Q3","Visitors to Ireland","Thousand","140"
"Continental Europe","1987Q3","Visits Abroad by Irish Residents","Thousand","178"
"Continental Europe","1987Q4","Visitors to Ireland","Thousand","30"
"Continental Europe","1987Q4","Visits Abroad by Irish Residents","Thousand","58"
"Continental Europe","1988Q1","Visitors to Ireland","Thousand","28"
"Continental Europe","1988Q1","Visits Abroad by Irish Residents","Thousand","45"
"Continental Europe","1988Q2","Visitors to Ireland","Thousand","92"
"Continental Europe","1988Q2","Visits Abroad by Irish Residents","Thousand","143"
"Continental Europe","1988Q3","Visitors to Ireland","Thousand","149"
"Continental Europe","1988Q3","Visits Abroad by Irish Residents","Thousand","227"
"Continental Europe","1988Q4","Visitors to Ireland","Thousand","41"
"Continental Europe","1988Q4","Visits Abroad by Irish Residents","Thousand","68"
"Continental Europe","1989Q1","Visitors to Ireland","Thousand","40"
"Continental Europe","1989Q1","Visits Abroad by Irish Residents","Thousand","58"
"Continental Europe","1989Q2","Visitors to Ireland","Thousand","107"
"Continental Europe","1989Q2","Visits Abroad by Irish Residents","Thousand","142"
"Continental Europe","1989Q3","Visitors to Ireland","Thousand","184"
"Continental Europe","1989Q3","Visits Abroad by Irish Residents","Thousand","216"
"Continental Europe","1989Q4","Visitors to Ireland","Thousand","52"
"Continental Europe","1989Q4","Visits Abroad by Irish Residents","Thousand","60"
"Continental Europe","1990Q1","Visitors to Ireland","Thousand","40"
"Continental Europe","1990Q1","Visits Abroad by Irish Residents","Thousand","49"
"Continental Europe","1990Q2","Visitors to Ireland","Thousand","151"
"Continental Europe","1990Q2","Visits Abroad by Irish Residents","Thousand","136"
"Continental Europe","1990Q3","Visitors to Ireland","Thousand","244"
"Continental Europe","1990Q3","Visits Abroad by Irish Residents","Thousand","183"
"Continental Europe","1990Q4","Visitors to Ireland","Thousand","61"
"Continental Europe","1990Q4","Visits Abroad by Irish Residents","Thousand","56"
"Continental Europe","1991Q1","Visitors to Ireland","Thousand","45"
"Continental Europe","1991Q1","Visits Abroad by Irish Residents","Thousand","58"
"Continental Europe","1991Q2","Visitors to Ireland","Thousand","173"
"Continental Europe","1991Q2","Visits Abroad by Irish Residents","Thousand","115"
"Continental Europe","1991Q3","Visitors to Ireland","Thousand","274"
"Continental Europe","1991Q3","Visits Abroad by Irish Residents","Thousand","183"
"Continental Europe","1991Q4","Visitors to Ireland","Thousand","74"
"Continental Europe","1991Q4","Visits Abroad by Irish Residents","Thousand","62"
"Continental Europe","1992Q1","Visitors to Ireland","Thousand","53"
"Continental Europe","1992Q1","Visits Abroad by Irish Residents","Thousand","52"
"Continental Europe","1992Q2","Visitors to Ireland","Thousand","184"
"Continental Europe","1992Q2","Visits Abroad by Irish Residents","Thousand","147"
"Continental Europe","1992Q3","Visitors to Ireland","Thousand","283"
"Continental Europe","1992Q3","Visits Abroad by Irish Residents","Thousand","216"
"Continental Europe","1992Q4","Visitors to Ireland","Thousand","80"
"Continental Europe","1992Q4","Visits Abroad by Irish Residents","Thousand","66"
"Continental Europe","1993Q1","Visitors to Ireland","Thousand","58"
"Continental Europe","1993Q1","Visits Abroad by Irish Residents","Thousand","68"
"Continental Europe","1993Q2","Visitors to Ireland","Thousand","181"
"Continental Europe","1993Q2","Visits Abroad by Irish Residents","Thousand","162"
"Continental Europe","1993Q3","Visitors to Ireland","Thousand","321"
"Continental Europe","1993Q3","Visits Abroad by Irish Residents","Thousand","220"
"Continental Europe","1993Q4","Visitors to Ireland","Thousand","94"
"Continental Europe","1993Q4","Visits Abroad by Irish Residents","Thousand","67"
"Continental Europe","1994Q1","Visitors to Ireland","Thousand","69"
"Continental Europe","1994Q1","Visits Abroad by Irish Residents","Thousand","69"
"Continental Europe","1994Q2","Visitors to Ireland","Thousand","203"
"Continental Europe","1994Q2","Visits Abroad by Irish Residents","Thousand","184"
"Continental Europe","1994Q3","Visitors to Ireland","Thousand","357"
"Continental Europe","1994Q3","Visits Abroad by Irish Residents","Thousand","250"
"Continental Europe","1994Q4","Visitors to Ireland","Thousand","97"
"Continental Europe","1994Q4","Visits Abroad by Irish Residents","Thousand","86"
"Continental Europe","1995Q1","Visitors to Ireland","Thousand","79"
"Continental Europe","1995Q1","Visits Abroad by Irish Residents","Thousand","81"
"Continental Europe","1995Q2","Visitors to Ireland","Thousand","220"
"Continental Europe","1995Q2","Visits Abroad by Irish Residents","Thousand","216"
"Continental Europe","1995Q3","Visitors to Ireland","Thousand","378"
"Continental Europe","1995Q3","Visits Abroad by Irish Residents","Thousand","291"
"Continental Europe","1995Q4","Visitors to Ireland","Thousand","108"
"Continental Europe","1995Q4","Visits Abroad by Irish Residents","Thousand","101"
"Continental Europe","1996Q1","Visitors to Ireland","Thousand","82"
"Continental Europe","1996Q1","Visits Abroad by Irish Residents","Thousand","107"
"Continental Europe","1996Q2","Visitors to Ireland","Thousand","264"
"Continental Europe","1996Q2","Visits Abroad by Irish Residents","Thousand","225"
"Continental Europe","1996Q3","Visitors to Ireland","Thousand","398"
"Continental Europe","1996Q3","Visits Abroad by Irish Residents","Thousand","289"
"Continental Europe","1996Q4","Visitors to Ireland","Thousand","123"
"Continental Europe","1996Q4","Visits Abroad by Irish Residents","Thousand","103"
"Continental Europe","1997Q1","Visitors to Ireland","Thousand","99"
"Continental Europe","1997Q1","Visits Abroad by Irish Residents","Thousand","117"
"Continental Europe","1997Q2","Visitors to Ireland","Thousand","256"
"Continental Europe","1997Q2","Visits Abroad by Irish Residents","Thousand","239"
"Continental Europe","1997Q3","Visitors to Ireland","Thousand","386"
"Continental Europe","1997Q3","Visits Abroad by Irish Residents","Thousand","331"
"Continental Europe","1997Q4","Visitors to Ireland","Thousand","144"
"Continental Europe","1997Q4","Visits Abroad by Irish Residents","Thousand","142"
"Continental Europe","1998Q1","Visitors to Ireland","Thousand","114"
"Continental Europe","1998Q1","Visits Abroad by Irish Residents","Thousand","147"
"Continental Europe","1998Q2","Visitors to Ireland","Thousand","271"
"Continental Europe","1998Q2","Visits Abroad by Irish Residents","Thousand","304"
"Continental Europe","1998Q3","Visitors to Ireland","Thousand","427"
"Continental Europe","1998Q3","Visits Abroad by Irish Residents","Thousand","389"
"Continental Europe","1998Q4","Visitors to Ireland","Thousand","162"
"Continental Europe","1998Q4","Visits Abroad by Irish Residents","Thousand","182"
"Continental Europe","1999Q1","Visitors to Ireland","Thousand","137"
"Continental Europe","1999Q1","Visits Abroad by Irish Residents","Thousand","202"
"Continental Europe","1999Q2","Visitors to Ireland","Thousand","289"
"Continental Europe","1999Q2","Visits Abroad by Irish Residents","Thousand","375"
"Continental Europe","1999Q3","Visitors to Ireland","Thousand","448"
"Continental Europe","1999Q3","Visits Abroad by Irish Residents","Thousand","476"
"Continental Europe","1999Q4","Visitors to Ireland","Thousand","192"
"Continental Europe","1999Q4","Visits Abroad by Irish Residents","Thousand","224"
"Continental Europe","2000Q1","Visitors to Ireland","Thousand","156"
"Continental Europe","2000Q1","Visits Abroad by Irish Residents","Thousand","229"
"Continental Europe","2000Q2","Visitors to Ireland","Thousand","329"
"Continental Europe","2000Q2","Visits Abroad by Irish Residents","Thousand","459"
"Continental Europe","2000Q3","Visitors to Ireland","Thousand","477"
"Continental Europe","2000Q3","Visits Abroad by Irish Residents","Thousand","596"
"Continental Europe","2000Q4","Visitors to Ireland","Thousand","225"
"Continental Europe","2000Q4","Visits Abroad by Irish Residents","Thousand","266"
"Continental Europe","2001Q1","Visitors to Ireland","Thousand","172"
"Continental Europe","2001Q1","Visits Abroad by Irish Residents","Thousand","282"
"Continental Europe","2001Q2","Visitors to Ireland","Thousand","341"
"Continental Europe","2001Q2","Visits Abroad by Irish Residents","Thousand","547"
"Continental Europe","2001Q3","Visitors to Ireland","Thousand","451"
"Continental Europe","2001Q3","Visits Abroad by Irish Residents","Thousand","722"
"Continental Europe","2001Q4","Visitors to Ireland","Thousand","205"
"Continental Europe","2001Q4","Visits Abroad by Irish Residents","Thousand","313"
"Continental Europe","2002Q1","Visitors to Ireland","Thousand","184"
"Continental Europe","2002Q1","Visits Abroad by Irish Residents","Thousand","340"
"Continental Europe","2002Q2","Visitors to Ireland","Thousand","333"
"Continental Europe","2002Q2","Visits Abroad by Irish Residents","Thousand","613"
"Continental Europe","2002Q3","Visitors to Ireland","Thousand","430"
"Continental Europe","2002Q3","Visits Abroad by Irish Residents","Thousand","848"
"Continental Europe","2002Q4","Visitors to Ireland","Thousand","227"
"Continental Europe","2002Q4","Visits Abroad by Irish Residents","Thousand","388"
"Continental Europe","2003Q1","Visitors to Ireland","Thousand","203"
"Continental Europe","2003Q1","Visits Abroad by Irish Residents","Thousand","391"
"Continental Europe","2003Q2","Visitors to Ireland","Thousand","355"
"Continental Europe","2003Q2","Visits Abroad by Irish Residents","Thousand","717"
"Continental Europe","2003Q3","Visitors to Ireland","Thousand","488"
"Continental Europe","2003Q3","Visits Abroad by Irish Residents","Thousand","892"
"Continental Europe","2003Q4","Visitors to Ireland","Thousand","240"
"Continental Europe","2003Q4","Visits Abroad by Irish Residents","Thousand","438"
"Continental Europe","2004Q1","Visitors to Ireland","Thousand","229"
"Continental Europe","2004Q1","Visits Abroad by Irish Residents","Thousand","432"
"Continental Europe","2004Q2","Visitors to Ireland","Thousand","393"
"Continental Europe","2004Q2","Visits Abroad by Irish Residents","Thousand","773"
"Continental Europe","2004Q3","Visitors to Ireland","Thousand","502"
"Continental Europe","2004Q3","Visits Abroad by Irish Residents","Thousand","1006"
"Continental Europe","2004Q4","Visitors to Ireland","Thousand","285"
"Continental Europe","2004Q4","Visits Abroad by Irish Residents","Thousand","524"
"Continental Europe","2005Q1","Visitors to Ireland","Thousand","287"
"Continental Europe","2005Q1","Visits Abroad by Irish Residents","Thousand","534"
"Continental Europe","2005Q2","Visitors to Ireland","Thousand","462"
"Continental Europe","2005Q2","Visits Abroad by Irish Residents","Thousand","874"
"Continental Europe","2005Q3","Visitors to Ireland","Thousand","561"
"Continental Europe","2005Q3","Visits Abroad by Irish Residents","Thousand","1183"
"Continental Europe","2005Q4","Visitors to Ireland","Thousand","395"
"Continental Europe","2005Q4","Visits Abroad by Irish Residents","Thousand","614"
"Continental Europe","2006Q1","Visitors to Ireland","Thousand","338"
"Continental Europe","2006Q1","Visits Abroad by Irish Residents","Thousand","656"
"Continental Europe","2006Q2","Visitors to Ireland","Thousand","607"
"Continental Europe","2006Q2","Visits Abroad by Irish Residents","Thousand","1067"
"Continental Europe","2006Q3","Visitors to Ireland","Thousand","730"
"Continental Europe","2006Q3","Visits Abroad by Irish Residents","Thousand","1363"
"Continental Europe","2006Q4","Visitors to Ireland","Thousand","506"
"Continental Europe","2006Q4","Visits Abroad by Irish Residents","Thousand","781"
"Continental Europe","2007Q1","Visitors to Ireland","Thousand","491"
"Continental Europe","2007Q1","Visits Abroad by Irish Residents","Thousand","841"
"Continental Europe","2007Q2","Visitors to Ireland","Thousand","670"
"Continental Europe","2007Q2","Visits Abroad by Irish Residents","Thousand","1283"
"Continental Europe","2007Q3","Visitors to Ireland","Thousand","854"
"Continental Europe","2007Q3","Visits Abroad by Irish Residents","Thousand","1548"
"Continental Europe","2007Q4","Visitors to Ireland","Thousand","562"
"Continental Europe","2007Q4","Visits Abroad by Irish Residents","Thousand","908"
"Continental Europe","2008Q1","Visitors to Ireland","Thousand","480"
"Continental Europe","2008Q1","Visits Abroad by Irish Residents","Thousand","944"
"Continental Europe","2008Q2","Visitors to Ireland","Thousand","756"
"Continental Europe","2008Q2","Visits Abroad by Irish Residents","Thousand","1238"
"Continental Europe","2008Q3","Visitors to Ireland","Thousand","836"
"Continental Europe","2008Q3","Visits Abroad by Irish Residents","Thousand","1544"
"Continental Europe","2008Q4","Visitors to Ireland","Thousand","583"
"Continental Europe","2008Q4","Visits Abroad by Irish Residents","Thousand","806"
"Transatlantic","1985Q1","Visitors to Ireland","Thousand","15"
"Transatlantic","1985Q1","Visits Abroad by Irish Residents","Thousand","5"
"Transatlantic","1985Q2","Visitors to Ireland","Thousand","61"
"Transatlantic","1985Q2","Visits Abroad by Irish Residents","Thousand","15"
"Transatlantic","1985Q3","Visitors to Ireland","Thousand","111"
"Transatlantic","1985Q3","Visits Abroad by Irish Residents","Thousand","26"
"Transatlantic","1985Q4","Visitors to Ireland","Thousand","26"
"Transatlantic","1985Q4","Visits Abroad by Irish Residents","Thousand","8"
"Transatlantic","1986Q1","Visitors to Ireland","Thousand","16"
"Transatlantic","1986Q1","Visits Abroad by Irish Residents","Thousand","6"
"Transatlantic","1986Q2","Visitors to Ireland","Thousand","57"
"Transatlantic","1986Q2","Visits Abroad by Irish Residents","Thousand","20"
"Transatlantic","1986Q3","Visitors to Ireland","Thousand","90"
"Transatlantic","1986Q3","Visits Abroad by Irish Residents","Thousand","32"
"Transatlantic","1986Q4","Visitors to Ireland","Thousand","30"
"Transatlantic","1986Q4","Visits Abroad by Irish Residents","Thousand","13"
"Transatlantic","1987Q1","Visitors to Ireland","Thousand","21"
"Transatlantic","1987Q1","Visits Abroad by Irish Residents","Thousand","6"
"Transatlantic","1987Q2","Visitors to Ireland","Thousand","57"
"Transatlantic","1987Q2","Visits Abroad by Irish Residents","Thousand","21"
"Transatlantic","1987Q3","Visitors to Ireland","Thousand","104"
"Transatlantic","1987Q3","Visits Abroad by Irish Residents","Thousand","33"
"Transatlantic","1987Q4","Visitors to Ireland","Thousand","31"
"Transatlantic","1987Q4","Visits Abroad by Irish Residents","Thousand","13"
"Transatlantic","1988Q1","Visitors to Ireland","Thousand","20"
"Transatlantic","1988Q1","Visits Abroad by Irish Residents","Thousand","13"
"Transatlantic","1988Q2","Visitors to Ireland","Thousand","54"
"Transatlantic","1988Q2","Visits Abroad by Irish Residents","Thousand","27"
"Transatlantic","1988Q3","Visitors to Ireland","Thousand","104"
"Transatlantic","1988Q3","Visits Abroad by Irish Residents","Thousand","36"
"Transatlantic","1988Q4","Visitors to Ireland","Thousand","37"
"Transatlantic","1988Q4","Visits Abroad by Irish Residents","Thousand","17"
"Transatlantic","1989Q1","Visitors to Ireland","Thousand","23"
"Transatlantic","1989Q1","Visits Abroad by Irish Residents","Thousand","12"
"Transatlantic","1989Q2","Visitors to Ireland","Thousand","59"
"Transatlantic","1989Q2","Visits Abroad by Irish Residents","Thousand","27"
"Transatlantic","1989Q3","Visitors to Ireland","Thousand","105"
"Transatlantic","1989Q3","Visits Abroad by Irish Residents","Thousand","37"
"Transatlantic","1989Q4","Visitors to Ireland","Thousand","34"
"Transatlantic","1989Q4","Visits Abroad by Irish Residents","Thousand","18"
"Transatlantic","1990Q1","Visitors to Ireland","Thousand","21"
"Transatlantic","1990Q1","Visits Abroad by Irish Residents","Thousand","15"
"Transatlantic","1990Q2","Visitors to Ireland","Thousand","59"
"Transatlantic","1990Q2","Visits Abroad by Irish Residents","Thousand","29"
"Transatlantic","1990Q3","Visitors to Ireland","Thousand","101"
"Transatlantic","1990Q3","Visits Abroad by Irish Residents","Thousand","44"
"Transatlantic","1990Q4","Visitors to Ireland","Thousand","34"
"Transatlantic","1990Q4","Visits Abroad by Irish Residents","Thousand","19"
"Transatlantic","1991Q1","Visitors to Ireland","Thousand","17"
"Transatlantic","1991Q1","Visits Abroad by Irish Residents","Thousand","15"
"Transatlantic","1991Q2","Visitors to Ireland","Thousand","45"
"Transatlantic","1991Q2","Visits Abroad by Irish Residents","Thousand","26"
"Transatlantic","1991Q3","Visitors to Ireland","Thousand","78"
"Transatlantic","1991Q3","Visits Abroad by Irish Residents","Thousand","44"
"Transatlantic","1991Q4","Visitors to Ireland","Thousand","30"
"Transatlantic","1991Q4","Visits Abroad by Irish Residents","Thousand","18"
"Transatlantic","1992Q1","Visitors to Ireland","Thousand","18"
"Transatlantic","1992Q1","Visits Abroad by Irish Residents","Thousand","17"
"Transatlantic","1992Q2","Visitors to Ireland","Thousand","53"
"Transatlantic","1992Q2","Visits Abroad by Irish Residents","Thousand","34"
"Transatlantic","1992Q3","Visitors to Ireland","Thousand","90"
"Transatlantic","1992Q3","Visits Abroad by Irish Residents","Thousand","51"
"Transatlantic","1992Q4","Visitors to Ireland","Thousand","32"
"Transatlantic","1992Q4","Visits Abroad by Irish Residents","Thousand","24"
"Transatlantic","1993Q1","Visitors to Ireland","Thousand","19"
"Transatlantic","1993Q1","Visits Abroad by Irish Residents","Thousand","19"
"Transatlantic","1993Q2","Visitors to Ireland","Thousand","52"
"Transatlantic","1993Q2","Visits Abroad by Irish Residents","Thousand","37"
"Transatlantic","1993Q3","Visitors to Ireland","Thousand","93"
"Transatlantic","1993Q3","Visits Abroad by Irish Residents","Thousand","58"
"Transatlantic","1993Q4","Visitors to Ireland","Thousand","42"
"Transatlantic","1993Q4","Visits Abroad by Irish Residents","Thousand","27"
"Transatlantic","1994Q1","Visitors to Ireland","Thousand","21"
"Transatlantic","1994Q1","Visits Abroad by Irish Residents","Thousand","22"
"Transatlantic","1994Q2","Visitors to Ireland","Thousand","65"
"Transatlantic","1994Q2","Visits Abroad by Irish Residents","Thousand","48"
"Transatlantic","1994Q3","Visitors to Ireland","Thousand","113"
"Transatlantic","1994Q3","Visits Abroad by Irish Residents","Thousand","57"
"Transatlantic","1994Q4","Visitors to Ireland","Thousand","44"
"Transatlantic","1994Q4","Visits Abroad by Irish Residents","Thousand","29"
"Transatlantic","1995Q1","Visitors to Ireland","Thousand","31"
"Transatlantic","1995Q1","Visits Abroad by Irish Residents","Thousand","23"
"Transatlantic","1995Q2","Visitors to Ireland","Thousand","74"
"Transatlantic","1995Q2","Visits Abroad by Irish Residents","Thousand","40"
"Transatlantic","1995Q3","Visitors to Ireland","Thousand","127"
"Transatlantic","1995Q3","Visits Abroad by Irish Residents","Thousand","51"
"Transatlantic","1995Q4","Visitors to Ireland","Thousand","45"
"Transatlantic","1995Q4","Visits Abroad by Irish Residents","Thousand","32"
"Transatlantic","1996Q1","Visitors to Ireland","Thousand","33"
"Transatlantic","1996Q1","Visits Abroad by Irish Residents","Thousand","31"
"Transatlantic","1996Q2","Visitors to Ireland","Thousand","90"
"Transatlantic","1996Q2","Visits Abroad by Irish Residents","Thousand","36"
"Transatlantic","1996Q3","Visitors to Ireland","Thousand","149"
"Transatlantic","1996Q3","Visits Abroad by Irish Residents","Thousand","51"
"Transatlantic","1996Q4","Visitors to Ireland","Thousand","58"
"Transatlantic","1996Q4","Visits Abroad by Irish Residents","Thousand","35"
"Transatlantic","1997Q1","Visitors to Ireland","Thousand","42"
"Transatlantic","1997Q1","Visits Abroad by Irish Residents","Thousand","30"
"Transatlantic","1997Q2","Visitors to Ireland","Thousand","100"
"Transatlantic","1997Q2","Visits Abroad by Irish Residents","Thousand","37"
"Transatlantic","1997Q3","Visitors to Ireland","Thousand","139"
"Transatlantic","1997Q3","Visits Abroad by Irish Residents","Thousand","58"
"Transatlantic","1997Q4","Visitors to Ireland","Thousand","58"
"Transatlantic","1997Q4","Visits Abroad by Irish Residents","Thousand","36"
"Transatlantic","1998Q1","Visitors to Ireland","Thousand","53"
"Transatlantic","1998Q1","Visits Abroad by Irish Residents","Thousand","32"
"Transatlantic","1998Q2","Visitors to Ireland","Thousand","110"
"Transatlantic","1998Q2","Visits Abroad by Irish Residents","Thousand","43"
"Transatlantic","1998Q3","Visitors to Ireland","Thousand","170"
"Transatlantic","1998Q3","Visits Abroad by Irish Residents","Thousand","61"
"Transatlantic","1998Q4","Visitors to Ireland","Thousand","85"
"Transatlantic","1998Q4","Visits Abroad by Irish Residents","Thousand","42"
"Transatlantic","1999Q1","Visitors to Ireland","Thousand","76"
"Transatlantic","1999Q1","Visits Abroad by Irish Residents","Thousand","42"
"Transatlantic","1999Q2","Visitors to Ireland","Thousand","124"
"Transatlantic","1999Q2","Visits Abroad by Irish Residents","Thousand","52"
"Transatlantic","1999Q3","Visitors to Ireland","Thousand","194"
"Transatlantic","1999Q3","Visits Abroad by Irish Residents","Thousand","72"
"Transatlantic","1999Q4","Visitors to Ireland","Thousand","95"
"Transatlantic","1999Q4","Visits Abroad by Irish Residents","Thousand","61"
"Transatlantic","2000Q1","Visitors to Ireland","Thousand","87"
"Transatlantic","2000Q1","Visits Abroad by Irish Residents","Thousand","45"
"Transatlantic","2000Q2","Visitors to Ireland","Thousand","152"
"Transatlantic","2000Q2","Visits Abroad by Irish Residents","Thousand","61"
"Transatlantic","2000Q3","Visitors to Ireland","Thousand","210"
"Transatlantic","2000Q3","Visits Abroad by Irish Residents","Thousand","71"
"Transatlantic","2000Q4","Visitors to Ireland","Thousand","109"
"Transatlantic","2000Q4","Visits Abroad by Irish Residents","Thousand","65"
"Transatlantic","2001Q1","Visitors to Ireland","Thousand","91"
"Transatlantic","2001Q1","Visits Abroad by Irish Residents","Thousand","54"
"Transatlantic","2001Q2","Visitors to Ireland","Thousand","160"
"Transatlantic","2001Q2","Visits Abroad by Irish Residents","Thousand","66"
"Transatlantic","2001Q3","Visitors to Ireland","Thousand","194"
"Transatlantic","2001Q3","Visits Abroad by Irish Residents","Thousand","68"
"Transatlantic","2001Q4","Visitors to Ireland","Thousand","93"
"Transatlantic","2001Q4","Visits Abroad by Irish Residents","Thousand","55"
"Transatlantic","2002Q1","Visitors to Ireland","Thousand","75"
"Transatlantic","2002Q1","Visits Abroad by Irish Residents","Thousand","48"
"Transatlantic","2002Q2","Visitors to Ireland","Thousand","129"
"Transatlantic","2002Q2","Visits Abroad by Irish Residents","Thousand","47"
"Transatlantic","2002Q3","Visitors to Ireland","Thousand","174"
"Transatlantic","2002Q3","Visits Abroad by Irish Residents","Thousand","61"
"Transatlantic","2002Q4","Visitors to Ireland","Thousand","106"
"Transatlantic","2002Q4","Visits Abroad by Irish Residents","Thousand","51"
"Transatlantic","2003Q1","Visitors to Ireland","Thousand","89"
"Transatlantic","2003Q1","Visits Abroad by Irish Residents","Thousand","47"
"Transatlantic","2003Q2","Visitors to Ireland","Thousand","161"
"Transatlantic","2003Q2","Visits Abroad by Irish Residents","Thousand","62"
"Transatlantic","2003Q3","Visitors to Ireland","Thousand","202"
"Transatlantic","2003Q3","Visits Abroad by Irish Residents","Thousand","79"
"Transatlantic","2003Q4","Visitors to Ireland","Thousand","115"
"Transatlantic","2003Q4","Visits Abroad by Irish Residents","Thousand","70"
"Transatlantic","2004Q1","Visitors to Ireland","Thousand","103"
"Transatlantic","2004Q1","Visits Abroad by Irish Residents","Thousand","57"
"Transatlantic","2004Q2","Visitors to Ireland","Thousand","150"
"Transatlantic","2004Q2","Visits Abroad by Irish Residents","Thousand","70"
"Transatlantic","2004Q3","Visitors to Ireland","Thousand","192"
"Transatlantic","2004Q3","Visits Abroad by Irish Residents","Thousand","92"
"Transatlantic","2004Q4","Visitors to Ireland","Thousand","116"
"Transatlantic","2004Q4","Visits Abroad by Irish Residents","Thousand","90"
"Transatlantic","2005Q1","Visitors to Ireland","Thousand","86"
"Transatlantic","2005Q1","Visits Abroad by Irish Residents","Thousand","75"
"Transatlantic","2005Q2","Visitors to Ireland","Thousand","169"
"Transatlantic","2005Q2","Visits Abroad by Irish Residents","Thousand","79"
"Transatlantic","2005Q3","Visitors to Ireland","Thousand","224"
"Transatlantic","2005Q3","Visits Abroad by Irish Residents","Thousand","95"
"Transatlantic","2005Q4","Visitors to Ireland","Thousand","112"
"Transatlantic","2005Q4","Visits Abroad by Irish Residents","Thousand","108"
"Transatlantic","2006Q1","Visitors to Ireland","Thousand","96"
"Transatlantic","2006Q1","Visits Abroad by Irish Residents","Thousand","77"
"Transatlantic","2006Q2","Visitors to Ireland","Thousand","188"
"Transatlantic","2006Q2","Visits Abroad by Irish Residents","Thousand","88"
"Transatlantic","2006Q3","Visitors to Ireland","Thousand","238"
"Transatlantic","2006Q3","Visits Abroad by Irish Residents","Thousand","104"
"Transatlantic","2006Q4","Visitors to Ireland","Thousand","123"
"Transatlantic","2006Q4","Visits Abroad by Irish Residents","Thousand","119"
"Transatlantic","2007Q1","Visitors to Ireland","Thousand","90"
"Transatlantic","2007Q1","Visits Abroad by Irish Residents","Thousand","81"
"Transatlantic","2007Q2","Visitors to Ireland","Thousand","195"
"Transatlantic","2007Q2","Visits Abroad by Irish Residents","Thousand","88"
"Transatlantic","2007Q3","Visitors to Ireland","Thousand","251"
"Transatlantic","2007Q3","Visits Abroad by Irish Residents","Thousand","126"
"Transatlantic","2007Q4","Visitors to Ireland","Thousand","132"
"Transatlantic","2007Q4","Visits Abroad by Irish Residents","Thousand","146"
"Transatlantic","2008Q1","Visitors to Ireland","Thousand","99"
"Transatlantic","2008Q1","Visits Abroad by Irish Residents","Thousand","109"
"Transatlantic","2008Q2","Visitors to Ireland","Thousand","184"
"Transatlantic","2008Q2","Visits Abroad by Irish Residents","Thousand","115"
"Transatlantic","2008Q3","Visitors to Ireland","Thousand","218"
"Transatlantic","2008Q3","Visits Abroad by Irish Residents","Thousand","142"
"Transatlantic","2008Q4","Visitors to Ireland","Thousand","101"
"Transatlantic","2008Q4","Visits Abroad by Irish Residents","Thousand","152"
