"STATISTIC Label","Month","Direction","Mode","UNIT","VALUE"
"Air and Sea Travel","2010 January","Arrivals","All modes of transport","Thousand","773.2"
"Air and Sea Travel","2010 January","Arrivals","Air","Thousand","728.4"
"Air and Sea Travel","2010 January","Arrivals","Sea","Thousand","44.8"
"Air and Sea Travel","2010 January","Departures","All modes of transport","Thousand","791.7"
"Air and Sea Travel","2010 January","Departures","Air","Thousand","732.4"
"Air and Sea Travel","2010 January","Departures","Sea","Thousand","59.3"
"Air and Sea Travel","2010 February","Arrivals","All modes of transport","Thousand","804"
"Air and Sea Travel","2010 February","Arrivals","Air","Thousand","757.2"
"Air and Sea Travel","2010 February","Arrivals","Sea","Thousand","46.9"
"Air and Sea Travel","2010 February","Departures","All modes of transport","Thousand","803.2"
"Air and Sea Travel","2010 February","Departures","Air","Thousand","757.2"
"Air and Sea Travel","2010 February","Departures","Sea","Thousand","46.1"
"Air and Sea Travel","2010 March","Arrivals","All modes of transport","Thousand","989.8"
"Air and Sea Travel","2010 March","Arrivals","Air","Thousand","906.6"
"Air and Sea Travel","2010 March","Arrivals","Sea","Thousand","83.3"
"Air and Sea Travel","2010 March","Departures","All modes of transport","Thousand","1001.1"
"Air and Sea Travel","2010 March","Departures","Air","Thousand","919.6"
"Air and Sea Travel","2010 March","Departures","Sea","Thousand","81.5"
"Air and Sea Travel","2010 April","Arrivals","All modes of transport","Thousand","904.5"
"Air and Sea Travel","2010 April","Arrivals","Air","Thousand","735.8"
"Air and Sea Travel","2010 April","Arrivals","Sea","Thousand","168.7"
"Air and Sea Travel","2010 April","Departures","All modes of transport","Thousand","882"
"Air and Sea Travel","2010 April","Departures","Air","Thousand","709.5"
"Air and Sea Travel","2010 April","Departures","Sea","Thousand","172.5"
"Air and Sea Travel","2010 May","Arrivals","All modes of transport","Thousand","1114.9"
"Air and Sea Travel","2010 May","Arrivals","Air","Thousand","968.5"
"Air and Sea Travel","2010 May","Arrivals","Sea","Thousand","146.4"
"Air and Sea Travel","2010 May","Departures","All modes of transport","Thousand","1110.8"
"Air and Sea Travel","2010 May","Departures","Air","Thousand","977.9"
"Air and Sea Travel","2010 May","Departures","Sea","Thousand","132.9"
"Air and Sea Travel","2010 June","Arrivals","All modes of transport","Thousand","1223"
"Air and Sea Travel","2010 June","Arrivals","Air","Thousand","1087.8"
"Air and Sea Travel","2010 June","Arrivals","Sea","Thousand","135.2"
"Air and Sea Travel","2010 June","Departures","All modes of transport","Thousand","1349.9"
"Air and Sea Travel","2010 June","Departures","Air","Thousand","1183.1"
"Air and Sea Travel","2010 June","Departures","Sea","Thousand","166.8"
"Air and Sea Travel","2010 July","Arrivals","All modes of transport","Thousand","1520.2"
"Air and Sea Travel","2010 July","Arrivals","Air","Thousand","1286.8"
"Air and Sea Travel","2010 July","Arrivals","Sea","Thousand","233.4"
"Air and Sea Travel","2010 July","Departures","All modes of transport","Thousand","1481.6"
"Air and Sea Travel","2010 July","Departures","Air","Thousand","1269.5"
"Air and Sea Travel","2010 July","Departures","Sea","Thousand","212.1"
"Air and Sea Travel","2010 August","Arrivals","All modes of transport","Thousand","1553.6"
"Air and Sea Travel","2010 August","Arrivals","Air","Thousand","1300.4"
"Air and Sea Travel","2010 August","Arrivals","Sea","Thousand","253.1"
"Air and Sea Travel","2010 August","Departures","All modes of transport","Thousand","1500.5"
"Air and Sea Travel","2010 August","Departures","Air","Thousand","1250.5"
"Air and Sea Travel","2010 August","Departures","Sea","Thousand","250.1"
"Air and Sea Travel","2010 September","Arrivals","All modes of transport","Thousand","1217.7"
"Air and Sea Travel","2010 September","Arrivals","Air","Thousand","1091.2"
"Air and Sea Travel","2010 September","Arrivals","Sea","Thousand","126.4"
"Air and Sea Travel","2010 September","Departures","All modes of transport","Thousand","1212.4"
"Air and Sea Travel","2010 September","Departures","Air","Thousand","1078.7"
"Air and Sea Travel","2010 September","Departures","Sea","Thousand","133.7"
"Air and Sea Travel","2010 October","Arrivals","All modes of transport","Thousand","1166.3"
"Air and Sea Travel","2010 October","Arrivals","Air","Thousand","1059"
"Air and Sea Travel","2010 October","Arrivals","Sea","Thousand","107.3"
"Air and Sea Travel","2010 October","Departures","All modes of transport","Thousand","1155.8"
"Air and Sea Travel","2010 October","Departures","Air","Thousand","1045.8"
"Air and Sea Travel","2010 October","Departures","Sea","Thousand","110"
"Air and Sea Travel","2010 November","Arrivals","All modes of transport","Thousand","848.5"
"Air and Sea Travel","2010 November","Arrivals","Air","Thousand","792.2"
"Air and Sea Travel","2010 November","Arrivals","Sea","Thousand","56.2"
"Air and Sea Travel","2010 November","Departures","All modes of transport","Thousand","857.6"
"Air and Sea Travel","2010 November","Departures","Air","Thousand","800.7"
"Air and Sea Travel","2010 November","Departures","Sea","Thousand","56.9"
"Air and Sea Travel","2010 December","Arrivals","All modes of transport","Thousand","786.5"
"Air and Sea Travel","2010 December","Arrivals","Air","Thousand","686.7"
"Air and Sea Travel","2010 December","Arrivals","Sea","Thousand","99.9"
"Air and Sea Travel","2010 December","Departures","All modes of transport","Thousand","773.6"
"Air and Sea Travel","2010 December","Departures","Air","Thousand","700.5"
"Air and Sea Travel","2010 December","Departures","Sea","Thousand","73.1"
"Air and Sea Travel","2011 January","Arrivals","All modes of transport","Thousand","762.6"
"Air and Sea Travel","2011 January","Arrivals","Air","Thousand","715.8"
"Air and Sea Travel","2011 January","Arrivals","Sea","Thousand","46.8"
"Air and Sea Travel","2011 January","Departures","All modes of transport","Thousand","795.2"
"Air and Sea Travel","2011 January","Departures","Air","Thousand","729.6"
"Air and Sea Travel","2011 January","Departures","Sea","Thousand","65.7"
"Air and Sea Travel","2011 February","Arrivals","All modes of transport","Thousand","774.4"
"Air and Sea Travel","2011 February","Arrivals","Air","Thousand","722.1"
"Air and Sea Travel","2011 February","Arrivals","Sea","Thousand","52.3"
"Air and Sea Travel","2011 February","Departures","All modes of transport","Thousand","775"
"Air and Sea Travel","2011 February","Departures","Air","Thousand","724"
"Air and Sea Travel","2011 February","Departures","Sea","Thousand","51"
"Air and Sea Travel","2011 March","Arrivals","All modes of transport","Thousand","951.2"
"Air and Sea Travel","2011 March","Arrivals","Air","Thousand","880"
"Air and Sea Travel","2011 March","Arrivals","Sea","Thousand","71.2"
"Air and Sea Travel","2011 March","Departures","All modes of transport","Thousand","939"
"Air and Sea Travel","2011 March","Departures","Air","Thousand","869.6"
"Air and Sea Travel","2011 March","Departures","Sea","Thousand","69.4"
"Air and Sea Travel","2011 April","Arrivals","All modes of transport","Thousand","1106.2"
"Air and Sea Travel","2011 April","Arrivals","Air","Thousand","963.2"
"Air and Sea Travel","2011 April","Arrivals","Sea","Thousand","142.9"
"Air and Sea Travel","2011 April","Departures","All modes of transport","Thousand","1123.5"
"Air and Sea Travel","2011 April","Departures","Air","Thousand","987.9"
"Air and Sea Travel","2011 April","Departures","Sea","Thousand","135.6"
"Air and Sea Travel","2011 May","Arrivals","All modes of transport","Thousand","1214.8"
"Air and Sea Travel","2011 May","Arrivals","Air","Thousand","1080.9"
"Air and Sea Travel","2011 May","Arrivals","Sea","Thousand","133.9"
"Air and Sea Travel","2011 May","Departures","All modes of transport","Thousand","1213"
"Air and Sea Travel","2011 May","Departures","Air","Thousand","1084.2"
"Air and Sea Travel","2011 May","Departures","Sea","Thousand","128.8"
"Air and Sea Travel","2011 June","Arrivals","All modes of transport","Thousand","1240.4"
"Air and Sea Travel","2011 June","Arrivals","Air","Thousand","1114.2"
"Air and Sea Travel","2011 June","Arrivals","Sea","Thousand","126.2"
"Air and Sea Travel","2011 June","Departures","All modes of transport","Thousand","1353.5"
"Air and Sea Travel","2011 June","Departures","Air","Thousand","1198.5"
"Air and Sea Travel","2011 June","Departures","Sea","Thousand","154.9"
"Air and Sea Travel","2011 July","Arrivals","All modes of transport","Thousand","1523.2"
"Air and Sea Travel","2011 July","Arrivals","Air","Thousand","1302.3"
"Air and Sea Travel","2011 July","Arrivals","Sea","Thousand","220.9"
"Air and Sea Travel","2011 July","Departures","All modes of transport","Thousand","1486"
"Air and Sea Travel","2011 July","Departures","Air","Thousand","1288"
"Air and Sea Travel","2011 July","Departures","Sea","Thousand","198"
"Air and Sea Travel","2011 August","Arrivals","All modes of transport","Thousand","1534.9"
"Air and Sea Travel","2011 August","Arrivals","Air","Thousand","1285.4"
"Air and Sea Travel","2011 August","Arrivals","Sea","Thousand","249.4"
"Air and Sea Travel","2011 August","Departures","All modes of transport","Thousand","1493.3"
"Air and Sea Travel","2011 August","Departures","Air","Thousand","1247.8"
"Air and Sea Travel","2011 August","Departures","Sea","Thousand","245.5"
"Air and Sea Travel","2011 September","Arrivals","All modes of transport","Thousand","1196.8"
"Air and Sea Travel","2011 September","Arrivals","Air","Thousand","1073.9"
"Air and Sea Travel","2011 September","Arrivals","Sea","Thousand","123"
"Air and Sea Travel","2011 September","Departures","All modes of transport","Thousand","1204.4"
"Air and Sea Travel","2011 September","Departures","Air","Thousand","1070.3"
"Air and Sea Travel","2011 September","Departures","Sea","Thousand","134.1"
"Air and Sea Travel","2011 October","Arrivals","All modes of transport","Thousand","1060.7"
"Air and Sea Travel","2011 October","Arrivals","Air","Thousand","971.2"
"Air and Sea Travel","2011 October","Arrivals","Sea","Thousand","89.5"
"Air and Sea Travel","2011 October","Departures","All modes of transport","Thousand","1074.5"
"Air and Sea Travel","2011 October","Departures","Air","Thousand","978.7"
"Air and Sea Travel","2011 October","Departures","Sea","Thousand","95.9"
"Air and Sea Travel","2011 November","Arrivals","All modes of transport","Thousand","845.9"
"Air and Sea Travel","2011 November","Arrivals","Air","Thousand","785.8"
"Air and Sea Travel","2011 November","Arrivals","Sea","Thousand","60"
"Air and Sea Travel","2011 November","Departures","All modes of transport","Thousand","830.6"
"Air and Sea Travel","2011 November","Departures","Air","Thousand","774.3"
"Air and Sea Travel","2011 November","Departures","Sea","Thousand","56.3"
"Air and Sea Travel","2011 December","Arrivals","All modes of transport","Thousand","838.6"
"Air and Sea Travel","2011 December","Arrivals","Air","Thousand","752.6"
"Air and Sea Travel","2011 December","Arrivals","Sea","Thousand","86"
"Air and Sea Travel","2011 December","Departures","All modes of transport","Thousand","821.6"
"Air and Sea Travel","2011 December","Departures","Air","Thousand","754.3"
"Air and Sea Travel","2011 December","Departures","Sea","Thousand","67.4"
"Air and Sea Travel","2012 January","Arrivals","All modes of transport","Thousand","725.8"
"Air and Sea Travel","2012 January","Arrivals","Air","Thousand","683.3"
"Air and Sea Travel","2012 January","Arrivals","Sea","Thousand","42.5"
"Air and Sea Travel","2012 January","Departures","All modes of transport","Thousand","760.9"
"Air and Sea Travel","2012 January","Departures","Air","Thousand","700.5"
"Air and Sea Travel","2012 January","Departures","Sea","Thousand","60.4"
"Air and Sea Travel","2012 February","Arrivals","All modes of transport","Thousand","767.1"
"Air and Sea Travel","2012 February","Arrivals","Air","Thousand","714.1"
"Air and Sea Travel","2012 February","Arrivals","Sea","Thousand","52.9"
"Air and Sea Travel","2012 February","Departures","All modes of transport","Thousand","757.6"
"Air and Sea Travel","2012 February","Departures","Air","Thousand","706.9"
"Air and Sea Travel","2012 February","Departures","Sea","Thousand","50.7"
"Air and Sea Travel","2012 March","Arrivals","All modes of transport","Thousand","945.2"
"Air and Sea Travel","2012 March","Arrivals","Air","Thousand","867.6"
"Air and Sea Travel","2012 March","Arrivals","Sea","Thousand","77.6"
"Air and Sea Travel","2012 March","Departures","All modes of transport","Thousand","947.1"
"Air and Sea Travel","2012 March","Departures","Air","Thousand","874.8"
"Air and Sea Travel","2012 March","Departures","Sea","Thousand","72.4"
"Air and Sea Travel","2012 April","Arrivals","All modes of transport","Thousand","1123.3"
"Air and Sea Travel","2012 April","Arrivals","Air","Thousand","996"
"Air and Sea Travel","2012 April","Arrivals","Sea","Thousand","127.3"
"Air and Sea Travel","2012 April","Departures","All modes of transport","Thousand","1101.6"
"Air and Sea Travel","2012 April","Departures","Air","Thousand","972.6"
"Air and Sea Travel","2012 April","Departures","Sea","Thousand","128.9"
"Air and Sea Travel","2012 May","Arrivals","All modes of transport","Thousand","1147.5"
"Air and Sea Travel","2012 May","Arrivals","Air","Thousand","1039.9"
"Air and Sea Travel","2012 May","Arrivals","Sea","Thousand","107.6"
"Air and Sea Travel","2012 May","Departures","All modes of transport","Thousand","1197.1"
"Air and Sea Travel","2012 May","Departures","Air","Thousand","1089.6"
"Air and Sea Travel","2012 May","Departures","Sea","Thousand","107.5"
"Air and Sea Travel","2012 June","Arrivals","All modes of transport","Thousand","1288.6"
"Air and Sea Travel","2012 June","Arrivals","Air","Thousand","1149.1"
"Air and Sea Travel","2012 June","Arrivals","Sea","Thousand","139.5"
"Air and Sea Travel","2012 June","Departures","All modes of transport","Thousand","1385.7"
"Air and Sea Travel","2012 June","Departures","Air","Thousand","1222.3"
"Air and Sea Travel","2012 June","Departures","Sea","Thousand","163.4"
"Air and Sea Travel","2012 July","Arrivals","All modes of transport","Thousand","1489"
"Air and Sea Travel","2012 July","Arrivals","Air","Thousand","1283.8"
"Air and Sea Travel","2012 July","Arrivals","Sea","Thousand","205.2"
"Air and Sea Travel","2012 July","Departures","All modes of transport","Thousand","1456.3"
"Air and Sea Travel","2012 July","Departures","Air","Thousand","1278.8"
"Air and Sea Travel","2012 July","Departures","Sea","Thousand","177.5"
"Air and Sea Travel","2012 August","Arrivals","All modes of transport","Thousand","1546.6"
"Air and Sea Travel","2012 August","Arrivals","Air","Thousand","1309.3"
"Air and Sea Travel","2012 August","Arrivals","Sea","Thousand","237.2"
"Air and Sea Travel","2012 August","Departures","All modes of transport","Thousand","1471.9"
"Air and Sea Travel","2012 August","Departures","Air","Thousand","1244.2"
"Air and Sea Travel","2012 August","Departures","Sea","Thousand","227.8"
"Air and Sea Travel","2012 September","Arrivals","All modes of transport","Thousand","1235.1"
"Air and Sea Travel","2012 September","Arrivals","Air","Thousand","1120.5"
"Air and Sea Travel","2012 September","Arrivals","Sea","Thousand","114.6"
"Air and Sea Travel","2012 September","Departures","All modes of transport","Thousand","1245"
"Air and Sea Travel","2012 September","Departures","Air","Thousand","1122.1"
"Air and Sea Travel","2012 September","Departures","Sea","Thousand","122.9"
"Air and Sea Travel","2012 October","Arrivals","All modes of transport","Thousand","1121.9"
"Air and Sea Travel","2012 October","Arrivals","Air","Thousand","1035.1"
"Air and Sea Travel","2012 October","Arrivals","Sea","Thousand","86.8"
"Air and Sea Travel","2012 October","Departures","All modes of transport","Thousand","1126"
"Air and Sea Travel","2012 October","Departures","Air","Thousand","1041.3"
"Air and Sea Travel","2012 October","Departures","Sea","Thousand","84.7"
"Air and Sea Travel","2012 November","Arrivals","All modes of transport","Thousand","868.8"
"Air and Sea Travel","2012 November","Arrivals","Air","Thousand","812.4"
"Air and Sea Travel","2012 November","Arrivals","Sea","Thousand","56.4"
"Air and Sea Travel","2012 November","Departures","All modes of transport","Thousand","865.3"
"Air and Sea Travel","2012 November","Departures","Air","Thousand","804.1"
"Air and Sea Travel","2012 November","Departures","Sea","Thousand","61.1"
"Air and Sea Travel","2012 December","Arrivals","All modes of transport","Thousand","883.1"
"Air and Sea Travel","2012 December","Arrivals","Air","Thousand","795.5"
"Air and Sea Travel","2012 December","Arrivals","Sea","Thousand","87.6"
"Air and Sea Travel","2012 December","Departures","All modes of transport","Thousand","847"
"Air and Sea Travel","2012 December","Departures","Air","Thousand","782.4"
"Air and Sea Travel","2012 December","Departures","Sea","Thousand","64.6"
"Air and Sea Travel","2013 January","Arrivals","All modes of transport","Thousand","725.5"
"Air and Sea Travel","2013 January","Arrivals","Air","Thousand","684.4"
"Air and Sea Travel","2013 January","Arrivals","Sea","Thousand","41"
"Air and Sea Travel","2013 January","Departures","All modes of transport","Thousand","770.4"
"Air and Sea Travel","2013 January","Departures","Air","Thousand","709.5"
"Air and Sea Travel","2013 January","Departures","Sea","Thousand","60.9"
"Air and Sea Travel","2013 February","Arrivals","All modes of transport","Thousand","753.5"
"Air and Sea Travel","2013 February","Arrivals","Air","Thousand","704.6"
"Air and Sea Travel","2013 February","Arrivals","Sea","Thousand","49"
"Air and Sea Travel","2013 February","Departures","All modes of transport","Thousand","745.3"
"Air and Sea Travel","2013 February","Departures","Air","Thousand","698.7"
"Air and Sea Travel","2013 February","Departures","Sea","Thousand","46.6"
"Air and Sea Travel","2013 March","Arrivals","All modes of transport","Thousand","1016.4"
"Air and Sea Travel","2013 March","Arrivals","Air","Thousand","923.2"
"Air and Sea Travel","2013 March","Arrivals","Sea","Thousand","93.2"
"Air and Sea Travel","2013 March","Departures","All modes of transport","Thousand","1018.6"
"Air and Sea Travel","2013 March","Departures","Air","Thousand","937.3"
"Air and Sea Travel","2013 March","Departures","Sea","Thousand","81.3"
"Air and Sea Travel","2013 April","Arrivals","All modes of transport","Thousand","1095.3"
"Air and Sea Travel","2013 April","Arrivals","Air","Thousand","996.5"
"Air and Sea Travel","2013 April","Arrivals","Sea","Thousand","98.8"
"Air and Sea Travel","2013 April","Departures","All modes of transport","Thousand","1076.1"
"Air and Sea Travel","2013 April","Departures","Air","Thousand","972.3"
"Air and Sea Travel","2013 April","Departures","Sea","Thousand","103.7"
"Air and Sea Travel","2013 May","Arrivals","All modes of transport","Thousand","1236.6"
"Air and Sea Travel","2013 May","Arrivals","Air","Thousand","1112.9"
"Air and Sea Travel","2013 May","Arrivals","Sea","Thousand","123.7"
"Air and Sea Travel","2013 May","Departures","All modes of transport","Thousand","1277.7"
"Air and Sea Travel","2013 May","Departures","Air","Thousand","1160.2"
"Air and Sea Travel","2013 May","Departures","Sea","Thousand","117.5"
"Air and Sea Travel","2013 June","Arrivals","All modes of transport","Thousand","1320.3"
"Air and Sea Travel","2013 June","Arrivals","Air","Thousand","1194.4"
"Air and Sea Travel","2013 June","Arrivals","Sea","Thousand","125.9"
"Air and Sea Travel","2013 June","Departures","All modes of transport","Thousand","1450.7"
"Air and Sea Travel","2013 June","Departures","Air","Thousand","1292.1"
"Air and Sea Travel","2013 June","Departures","Sea","Thousand","158.5"
"Air and Sea Travel","2013 July","Arrivals","All modes of transport","Thousand","1589.3"
"Air and Sea Travel","2013 July","Arrivals","Air","Thousand","1374.9"
"Air and Sea Travel","2013 July","Arrivals","Sea","Thousand","214.5"
"Air and Sea Travel","2013 July","Departures","All modes of transport","Thousand","1525.1"
"Air and Sea Travel","2013 July","Departures","Air","Thousand","1336.7"
"Air and Sea Travel","2013 July","Departures","Sea","Thousand","188.3"
"Air and Sea Travel","2013 August","Arrivals","All modes of transport","Thousand","1619.1"
"Air and Sea Travel","2013 August","Arrivals","Air","Thousand","1366.9"
"Air and Sea Travel","2013 August","Arrivals","Sea","Thousand","252.2"
"Air and Sea Travel","2013 August","Departures","All modes of transport","Thousand","1562.7"
"Air and Sea Travel","2013 August","Departures","Air","Thousand","1314.3"
"Air and Sea Travel","2013 August","Departures","Sea","Thousand","248.4"
"Air and Sea Travel","2013 September","Arrivals","All modes of transport","Thousand","1276.5"
"Air and Sea Travel","2013 September","Arrivals","Air","Thousand","1156.5"
"Air and Sea Travel","2013 September","Arrivals","Sea","Thousand","119.9"
"Air and Sea Travel","2013 September","Departures","All modes of transport","Thousand","1269.4"
"Air and Sea Travel","2013 September","Departures","Air","Thousand","1144.2"
"Air and Sea Travel","2013 September","Departures","Sea","Thousand","125.2"
"Air and Sea Travel","2013 October","Arrivals","All modes of transport","Thousand","1166.9"
"Air and Sea Travel","2013 October","Arrivals","Air","Thousand","1082.6"
"Air and Sea Travel","2013 October","Arrivals","Sea","Thousand","84.3"
"Air and Sea Travel","2013 October","Departures","All modes of transport","Thousand","1167"
"Air and Sea Travel","2013 October","Departures","Air","Thousand","1079.9"
"Air and Sea Travel","2013 October","Departures","Sea","Thousand","87.2"
"Air and Sea Travel","2013 November","Arrivals","All modes of transport","Thousand","897.9"
"Air and Sea Travel","2013 November","Arrivals","Air","Thousand","844.9"
"Air and Sea Travel","2013 November","Arrivals","Sea","Thousand","53"
"Air and Sea Travel","2013 November","Departures","All modes of transport","Thousand","894.4"
"Air and Sea Travel","2013 November","Departures","Air","Thousand","836.5"
"Air and Sea Travel","2013 November","Departures","Sea","Thousand","57.9"
"Air and Sea Travel","2013 December","Arrivals","All modes of transport","Thousand","935.7"
"Air and Sea Travel","2013 December","Arrivals","Air","Thousand","846"
"Air and Sea Travel","2013 December","Arrivals","Sea","Thousand","89.7"
"Air and Sea Travel","2013 December","Departures","All modes of transport","Thousand","897.8"
"Air and Sea Travel","2013 December","Departures","Air","Thousand","832.7"
"Air and Sea Travel","2013 December","Departures","Sea","Thousand","65.1"
"Air and Sea Travel","2014 January","Arrivals","All modes of transport","Thousand","778.9"
"Air and Sea Travel","2014 January","Arrivals","Air","Thousand","738.5"
"Air and Sea Travel","2014 January","Arrivals","Sea","Thousand","40.4"
"Air and Sea Travel","2014 January","Departures","All modes of transport","Thousand","825.4"
"Air and Sea Travel","2014 January","Departures","Air","Thousand","764.7"
"Air and Sea Travel","2014 January","Departures","Sea","Thousand","60.7"
"Air and Sea Travel","2014 February","Arrivals","All modes of transport","Thousand","800.1"
"Air and Sea Travel","2014 February","Arrivals","Air","Thousand","749.5"
"Air and Sea Travel","2014 February","Arrivals","Sea","Thousand","50.6"
"Air and Sea Travel","2014 February","Departures","All modes of transport","Thousand","790.3"
"Air and Sea Travel","2014 February","Departures","Air","Thousand","742.8"
"Air and Sea Travel","2014 February","Departures","Sea","Thousand","47.5"
"Air and Sea Travel","2014 March","Arrivals","All modes of transport","Thousand","972.8"
"Air and Sea Travel","2014 March","Arrivals","Air","Thousand","905.4"
"Air and Sea Travel","2014 March","Arrivals","Sea","Thousand","67.5"
"Air and Sea Travel","2014 March","Departures","All modes of transport","Thousand","958"
"Air and Sea Travel","2014 March","Departures","Air","Thousand","892.5"
"Air and Sea Travel","2014 March","Departures","Sea","Thousand","65.5"
"Air and Sea Travel","2014 April","Arrivals","All modes of transport","Thousand","1231"
"Air and Sea Travel","2014 April","Arrivals","Air","Thousand","1105.8"
"Air and Sea Travel","2014 April","Arrivals","Sea","Thousand","125.2"
"Air and Sea Travel","2014 April","Departures","All modes of transport","Thousand","1232.8"
"Air and Sea Travel","2014 April","Departures","Air","Thousand","1112.7"
"Air and Sea Travel","2014 April","Departures","Sea","Thousand","120.1"
"Air and Sea Travel","2014 May","Arrivals","All modes of transport","Thousand","1310.8"
"Air and Sea Travel","2014 May","Arrivals","Air","Thousand","1188.2"
"Air and Sea Travel","2014 May","Arrivals","Sea","Thousand","122.5"
"Air and Sea Travel","2014 May","Departures","All modes of transport","Thousand","1349.4"
"Air and Sea Travel","2014 May","Departures","Air","Thousand","1223.8"
"Air and Sea Travel","2014 May","Departures","Sea","Thousand","125.6"
"Air and Sea Travel","2014 June","Arrivals","All modes of transport","Thousand","1398.2"
"Air and Sea Travel","2014 June","Arrivals","Air","Thousand","1268.6"
"Air and Sea Travel","2014 June","Arrivals","Sea","Thousand","129.7"
"Air and Sea Travel","2014 June","Departures","All modes of transport","Thousand","1527"
"Air and Sea Travel","2014 June","Departures","Air","Thousand","1361.8"
"Air and Sea Travel","2014 June","Departures","Sea","Thousand","165.1"
"Air and Sea Travel","2014 July","Arrivals","All modes of transport","Thousand","1692.4"
"Air and Sea Travel","2014 July","Arrivals","Air","Thousand","1451"
"Air and Sea Travel","2014 July","Arrivals","Sea","Thousand","241.5"
"Air and Sea Travel","2014 July","Departures","All modes of transport","Thousand","1626.6"
"Air and Sea Travel","2014 July","Departures","Air","Thousand","1418.4"
"Air and Sea Travel","2014 July","Departures","Sea","Thousand","208.2"
"Air and Sea Travel","2014 August","Arrivals","All modes of transport","Thousand","1737.1"
"Air and Sea Travel","2014 August","Arrivals","Air","Thousand","1457.6"
"Air and Sea Travel","2014 August","Arrivals","Sea","Thousand","279.5"
"Air and Sea Travel","2014 August","Departures","All modes of transport","Thousand","1682.8"
"Air and Sea Travel","2014 August","Departures","Air","Thousand","1403.9"
"Air and Sea Travel","2014 August","Departures","Sea","Thousand","278.9"
"Air and Sea Travel","2014 September","Arrivals","All modes of transport","Thousand","1344.6"
"Air and Sea Travel","2014 September","Arrivals","Air","Thousand","1229.3"
"Air and Sea Travel","2014 September","Arrivals","Sea","Thousand","115.3"
"Air and Sea Travel","2014 September","Departures","All modes of transport","Thousand","1350.7"
"Air and Sea Travel","2014 September","Departures","Air","Thousand","1231.2"
"Air and Sea Travel","2014 September","Departures","Sea","Thousand","119.5"
"Air and Sea Travel","2014 October","Arrivals","All modes of transport","Thousand","1276.6"
"Air and Sea Travel","2014 October","Arrivals","Air","Thousand","1185.7"
"Air and Sea Travel","2014 October","Arrivals","Sea","Thousand","90.9"
"Air and Sea Travel","2014 October","Departures","All modes of transport","Thousand","1268.7"
"Air and Sea Travel","2014 October","Departures","Air","Thousand","1179.9"
"Air and Sea Travel","2014 October","Departures","Sea","Thousand","88.9"
"Air and Sea Travel","2014 November","Arrivals","All modes of transport","Thousand","987.5"
"Air and Sea Travel","2014 November","Arrivals","Air","Thousand","934.4"
"Air and Sea Travel","2014 November","Arrivals","Sea","Thousand","53.1"
"Air and Sea Travel","2014 November","Departures","All modes of transport","Thousand","981.7"
"Air and Sea Travel","2014 November","Departures","Air","Thousand","925.4"
"Air and Sea Travel","2014 November","Departures","Sea","Thousand","56.3"
"Air and Sea Travel","2014 December","Arrivals","All modes of transport","Thousand","1016.7"
"Air and Sea Travel","2014 December","Arrivals","Air","Thousand","924.8"
"Air and Sea Travel","2014 December","Arrivals","Sea","Thousand","91.8"
"Air and Sea Travel","2014 December","Departures","All modes of transport","Thousand","977.1"
"Air and Sea Travel","2014 December","Departures","Air","Thousand","912.3"
"Air and Sea Travel","2014 December","Departures","Sea","Thousand","64.8"
"Air and Sea Travel","2015 January","Arrivals","All modes of transport","Thousand","871"
"Air and Sea Travel","2015 January","Arrivals","Air","Thousand","833.6"
"Air and Sea Travel","2015 January","Arrivals","Sea","Thousand","37.3"
"Air and Sea Travel","2015 January","Departures","All modes of transport","Thousand","923.4"
"Air and Sea Travel","2015 January","Departures","Air","Thousand","861.5"
"Air and Sea Travel","2015 January","Departures","Sea","Thousand","61.9"
"Air and Sea Travel","2015 February","Arrivals","All modes of transport","Thousand","911.4"
"Air and Sea Travel","2015 February","Arrivals","Air","Thousand","863.5"
"Air and Sea Travel","2015 February","Arrivals","Sea","Thousand","47.9"
"Air and Sea Travel","2015 February","Departures","All modes of transport","Thousand","894.9"
"Air and Sea Travel","2015 February","Departures","Air","Thousand","850.3"
"Air and Sea Travel","2015 February","Departures","Sea","Thousand","44.6"
"Air and Sea Travel","2015 March","Arrivals","All modes of transport","Thousand","1126.8"
"Air and Sea Travel","2015 March","Arrivals","Air","Thousand","1048.5"
"Air and Sea Travel","2015 March","Arrivals","Sea","Thousand","78.3"
"Air and Sea Travel","2015 March","Departures","All modes of transport","Thousand","1135.6"
"Air and Sea Travel","2015 March","Departures","Air","Thousand","1063.4"
"Air and Sea Travel","2015 March","Departures","Sea","Thousand","72.2"
"Air and Sea Travel","2015 April","Arrivals","All modes of transport","Thousand","1324"
"Air and Sea Travel","2015 April","Arrivals","Air","Thousand","1208.9"
"Air and Sea Travel","2015 April","Arrivals","Sea","Thousand","115.1"
"Air and Sea Travel","2015 April","Departures","All modes of transport","Thousand","1291.6"
"Air and Sea Travel","2015 April","Departures","Air","Thousand","1178.5"
"Air and Sea Travel","2015 April","Departures","Sea","Thousand","113.1"
"Air and Sea Travel","2015 May","Arrivals","All modes of transport","Thousand","1429.8"
"Air and Sea Travel","2015 May","Arrivals","Air","Thousand","1308.5"
"Air and Sea Travel","2015 May","Arrivals","Sea","Thousand","121.3"
"Air and Sea Travel","2015 May","Departures","All modes of transport","Thousand","1483.3"
"Air and Sea Travel","2015 May","Departures","Air","Thousand","1359.9"
"Air and Sea Travel","2015 May","Departures","Sea","Thousand","123.4"
"Air and Sea Travel","2015 June","Arrivals","All modes of transport","Thousand","1576"
"Air and Sea Travel","2015 June","Arrivals","Air","Thousand","1450.3"
"Air and Sea Travel","2015 June","Arrivals","Sea","Thousand","125.7"
"Air and Sea Travel","2015 June","Departures","All modes of transport","Thousand","1691.4"
"Air and Sea Travel","2015 June","Departures","Air","Thousand","1541.7"
"Air and Sea Travel","2015 June","Departures","Sea","Thousand","149.7"
"Air and Sea Travel","2015 July","Arrivals","All modes of transport","Thousand","1863.7"
"Air and Sea Travel","2015 July","Arrivals","Air","Thousand","1637.8"
"Air and Sea Travel","2015 July","Arrivals","Sea","Thousand","225.9"
"Air and Sea Travel","2015 July","Departures","All modes of transport","Thousand","1793.7"
"Air and Sea Travel","2015 July","Departures","Air","Thousand","1600"
"Air and Sea Travel","2015 July","Departures","Sea","Thousand","193.6"
"Air and Sea Travel","2015 August","Arrivals","All modes of transport","Thousand","1842.3"
"Air and Sea Travel","2015 August","Arrivals","Air","Thousand","1597.9"
"Air and Sea Travel","2015 August","Arrivals","Sea","Thousand","244.3"
"Air and Sea Travel","2015 August","Departures","All modes of transport","Thousand","1799.8"
"Air and Sea Travel","2015 August","Departures","Air","Thousand","1552.5"
"Air and Sea Travel","2015 August","Departures","Sea","Thousand","247.3"
"Air and Sea Travel","2015 September","Arrivals","All modes of transport","Thousand","1487"
"Air and Sea Travel","2015 September","Arrivals","Air","Thousand","1368.5"
"Air and Sea Travel","2015 September","Arrivals","Sea","Thousand","118.6"
"Air and Sea Travel","2015 September","Departures","All modes of transport","Thousand","1496.6"
"Air and Sea Travel","2015 September","Departures","Air","Thousand","1368.8"
"Air and Sea Travel","2015 September","Departures","Sea","Thousand","127.8"
"Air and Sea Travel","2015 October","Arrivals","All modes of transport","Thousand","1450.8"
"Air and Sea Travel","2015 October","Arrivals","Air","Thousand","1346.3"
"Air and Sea Travel","2015 October","Arrivals","Sea","Thousand","104.5"
"Air and Sea Travel","2015 October","Departures","All modes of transport","Thousand","1443.5"
"Air and Sea Travel","2015 October","Departures","Air","Thousand","1339.8"
"Air and Sea Travel","2015 October","Departures","Sea","Thousand","103.7"
"Air and Sea Travel","2015 November","Arrivals","All modes of transport","Thousand","1109.6"
"Air and Sea Travel","2015 November","Arrivals","Air","Thousand","1060.7"
"Air and Sea Travel","2015 November","Arrivals","Sea","Thousand","48.9"
"Air and Sea Travel","2015 November","Departures","All modes of transport","Thousand","1104.6"
"Air and Sea Travel","2015 November","Departures","Air","Thousand","1055.4"
"Air and Sea Travel","2015 November","Departures","Sea","Thousand","49.2"
"Air and Sea Travel","2015 December","Arrivals","All modes of transport","Thousand","1108"
"Air and Sea Travel","2015 December","Arrivals","Air","Thousand","1020.2"
"Air and Sea Travel","2015 December","Arrivals","Sea","Thousand","87.7"
"Air and Sea Travel","2015 December","Departures","All modes of transport","Thousand","1080.2"
"Air and Sea Travel","2015 December","Departures","Air","Thousand","1018.6"
"Air and Sea Travel","2015 December","Departures","Sea","Thousand","61.6"
"Air and Sea Travel","2016 January","Arrivals","All modes of transport","Thousand","1001.8"
"Air and Sea Travel","2016 January","Arrivals","Air","Thousand","963.8"
"Air and Sea Travel","2016 January","Arrivals","Sea","Thousand","38"
"Air and Sea Travel","2016 January","Departures","All modes of transport","Thousand","1041.6"
"Air and Sea Travel","2016 January","Departures","Air","Thousand","981.7"
"Air and Sea Travel","2016 January","Departures","Sea","Thousand","59.9"
"Air and Sea Travel","2016 February","Arrivals","All modes of transport","Thousand","1039.2"
"Air and Sea Travel","2016 February","Arrivals","Air","Thousand","992"
"Air and Sea Travel","2016 February","Arrivals","Sea","Thousand","47.2"
"Air and Sea Travel","2016 February","Departures","All modes of transport","Thousand","1033.5"
"Air and Sea Travel","2016 February","Departures","Air","Thousand","989"
"Air and Sea Travel","2016 February","Departures","Sea","Thousand","44.5"
"Air and Sea Travel","2016 March","Arrivals","All modes of transport","Thousand","1316"
"Air and Sea Travel","2016 March","Arrivals","Air","Thousand","1222.8"
"Air and Sea Travel","2016 March","Arrivals","Sea","Thousand","93.3"
"Air and Sea Travel","2016 March","Departures","All modes of transport","Thousand","1315"
"Air and Sea Travel","2016 March","Departures","Air","Thousand","1236.5"
"Air and Sea Travel","2016 March","Departures","Sea","Thousand","78.4"
"Air and Sea Travel","2016 April","Arrivals","All modes of transport","Thousand","1388.9"
"Air and Sea Travel","2016 April","Arrivals","Air","Thousand","1300.1"
"Air and Sea Travel","2016 April","Arrivals","Sea","Thousand","88.9"
"Air and Sea Travel","2016 April","Departures","All modes of transport","Thousand","1380.7"
"Air and Sea Travel","2016 April","Departures","Air","Thousand","1282.8"
"Air and Sea Travel","2016 April","Departures","Sea","Thousand","97.9"
"Air and Sea Travel","2016 May","Arrivals","All modes of transport","Thousand","1567.2"
"Air and Sea Travel","2016 May","Arrivals","Air","Thousand","1453.3"
"Air and Sea Travel","2016 May","Arrivals","Sea","Thousand","113.9"
"Air and Sea Travel","2016 May","Departures","All modes of transport","Thousand","1578.1"
"Air and Sea Travel","2016 May","Departures","Air","Thousand","1475.7"
"Air and Sea Travel","2016 May","Departures","Sea","Thousand","102.5"
"Air and Sea Travel","2016 June","Arrivals","All modes of transport","Thousand","1687.9"
"Air and Sea Travel","2016 June","Arrivals","Air","Thousand","1565.1"
"Air and Sea Travel","2016 June","Arrivals","Sea","Thousand","122.8"
"Air and Sea Travel","2016 June","Departures","All modes of transport","Thousand","1839.9"
"Air and Sea Travel","2016 June","Departures","Air","Thousand","1684.6"
"Air and Sea Travel","2016 June","Departures","Sea","Thousand","155.3"
"Air and Sea Travel","2016 July","Arrivals","All modes of transport","Thousand","1982.2"
"Air and Sea Travel","2016 July","Arrivals","Air","Thousand","1764"
"Air and Sea Travel","2016 July","Arrivals","Sea","Thousand","218.2"
"Air and Sea Travel","2016 July","Departures","All modes of transport","Thousand","1929.7"
"Air and Sea Travel","2016 July","Departures","Air","Thousand","1738.7"
"Air and Sea Travel","2016 July","Departures","Sea","Thousand","191"
"Air and Sea Travel","2016 August","Arrivals","All modes of transport","Thousand","1974.3"
"Air and Sea Travel","2016 August","Arrivals","Air","Thousand","1741.5"
"Air and Sea Travel","2016 August","Arrivals","Sea","Thousand","232.8"
"Air and Sea Travel","2016 August","Departures","All modes of transport","Thousand","1917.5"
"Air and Sea Travel","2016 August","Departures","Air","Thousand","1688.9"
"Air and Sea Travel","2016 August","Departures","Sea","Thousand","228.6"
"Air and Sea Travel","2016 September","Arrivals","All modes of transport","Thousand","1617.6"
"Air and Sea Travel","2016 September","Arrivals","Air","Thousand","1502.3"
"Air and Sea Travel","2016 September","Arrivals","Sea","Thousand","115.3"
"Air and Sea Travel","2016 September","Departures","All modes of transport","Thousand","1621.6"
"Air and Sea Travel","2016 September","Departures","Air","Thousand","1498.6"
"Air and Sea Travel","2016 September","Departures","Sea","Thousand","123"
"Air and Sea Travel","2016 October","Arrivals","All modes of transport","Thousand","1523.2"
"Air and Sea Travel","2016 October","Arrivals","Air","Thousand","1434"
"Air and Sea Travel","2016 October","Arrivals","Sea","Thousand","89.2"
"Air and Sea Travel","2016 October","Departures","All modes of transport","Thousand","1555.8"
"Air and Sea Travel","2016 October","Departures","Air","Thousand","1462.3"
"Air and Sea Travel","2016 October","Departures","Sea","Thousand","93.6"
"Air and Sea Travel","2016 November","Arrivals","All modes of transport","Thousand","1219.4"
"Air and Sea Travel","2016 November","Arrivals","Air","Thousand","1163.1"
"Air and Sea Travel","2016 November","Arrivals","Sea","Thousand","56.3"
"Air and Sea Travel","2016 November","Departures","All modes of transport","Thousand","1185.5"
"Air and Sea Travel","2016 November","Departures","Air","Thousand","1134.9"
"Air and Sea Travel","2016 November","Departures","Sea","Thousand","50.6"
"Air and Sea Travel","2016 December","Arrivals","All modes of transport","Thousand","1214.8"
"Air and Sea Travel","2016 December","Arrivals","Air","Thousand","1130.4"
"Air and Sea Travel","2016 December","Arrivals","Sea","Thousand","84.4"
"Air and Sea Travel","2016 December","Departures","All modes of transport","Thousand","1209.2"
"Air and Sea Travel","2016 December","Departures","Air","Thousand","1145.3"
"Air and Sea Travel","2016 December","Departures","Sea","Thousand","63.9"
"Air and Sea Travel","2017 January","Arrivals","All modes of transport","Thousand","1092.4"
"Air and Sea Travel","2017 January","Arrivals","Air","Thousand","1050.9"
"Air and Sea Travel","2017 January","Arrivals","Sea","Thousand","41.6"
"Air and Sea Travel","2017 January","Departures","All modes of transport","Thousand","1115.2"
"Air and Sea Travel","2017 January","Departures","Air","Thousand","1057.1"
"Air and Sea Travel","2017 January","Departures","Sea","Thousand","58.1"
"Air and Sea Travel","2017 February","Arrivals","All modes of transport","Thousand","1066.9"
"Air and Sea Travel","2017 February","Arrivals","Air","Thousand","1023.1"
"Air and Sea Travel","2017 February","Arrivals","Sea","Thousand","43.8"
"Air and Sea Travel","2017 February","Departures","All modes of transport","Thousand","1060.5"
"Air and Sea Travel","2017 February","Departures","Air","Thousand","1020.2"
"Air and Sea Travel","2017 February","Departures","Sea","Thousand","40.3"
"Air and Sea Travel","2017 March","Arrivals","All modes of transport","Thousand","1323.3"
"Air and Sea Travel","2017 March","Arrivals","Air","Thousand","1253.3"
"Air and Sea Travel","2017 March","Arrivals","Sea","Thousand","70"
"Air and Sea Travel","2017 March","Departures","All modes of transport","Thousand","1293.6"
"Air and Sea Travel","2017 March","Departures","Air","Thousand","1227.7"
"Air and Sea Travel","2017 March","Departures","Sea","Thousand","65.9"
"Air and Sea Travel","2017 April","Arrivals","All modes of transport","Thousand","1557.2"
"Air and Sea Travel","2017 April","Arrivals","Air","Thousand","1430.5"
"Air and Sea Travel","2017 April","Arrivals","Sea","Thousand","126.7"
"Air and Sea Travel","2017 April","Departures","All modes of transport","Thousand","1563.3"
"Air and Sea Travel","2017 April","Departures","Air","Thousand","1438.7"
"Air and Sea Travel","2017 April","Departures","Sea","Thousand","124.6"
"Air and Sea Travel","2017 May","Arrivals","All modes of transport","Thousand","1621.4"
"Air and Sea Travel","2017 May","Arrivals","Air","Thousand","1500.6"
"Air and Sea Travel","2017 May","Arrivals","Sea","Thousand","120.8"
"Air and Sea Travel","2017 May","Departures","All modes of transport","Thousand","1637.4"
"Air and Sea Travel","2017 May","Departures","Air","Thousand","1530.6"
"Air and Sea Travel","2017 May","Departures","Sea","Thousand","106.8"
"Air and Sea Travel","2017 June","Arrivals","All modes of transport","Thousand","1768.9"
"Air and Sea Travel","2017 June","Arrivals","Air","Thousand","1646.3"
"Air and Sea Travel","2017 June","Arrivals","Sea","Thousand","122.6"
"Air and Sea Travel","2017 June","Departures","All modes of transport","Thousand","1919.6"
"Air and Sea Travel","2017 June","Departures","Air","Thousand","1761.5"
"Air and Sea Travel","2017 June","Departures","Sea","Thousand","158.1"
"Air and Sea Travel","2017 July","Arrivals","All modes of transport","Thousand","2061.7"
"Air and Sea Travel","2017 July","Arrivals","Air","Thousand","1845.2"
"Air and Sea Travel","2017 July","Arrivals","Sea","Thousand","216.5"
"Air and Sea Travel","2017 July","Departures","All modes of transport","Thousand","2015.2"
"Air and Sea Travel","2017 July","Departures","Air","Thousand","1828.6"
"Air and Sea Travel","2017 July","Departures","Sea","Thousand","186.6"
"Air and Sea Travel","2017 August","Arrivals","All modes of transport","Thousand","2069.8"
"Air and Sea Travel","2017 August","Arrivals","Air","Thousand","1831.9"
"Air and Sea Travel","2017 August","Arrivals","Sea","Thousand","237.9"
"Air and Sea Travel","2017 August","Departures","All modes of transport","Thousand","2010.7"
"Air and Sea Travel","2017 August","Departures","Air","Thousand","1778.1"
"Air and Sea Travel","2017 August","Departures","Sea","Thousand","232.6"
"Air and Sea Travel","2017 September","Arrivals","All modes of transport","Thousand","1702.8"
"Air and Sea Travel","2017 September","Arrivals","Air","Thousand","1587"
"Air and Sea Travel","2017 September","Arrivals","Sea","Thousand","115.7"
"Air and Sea Travel","2017 September","Departures","All modes of transport","Thousand","1709.2"
"Air and Sea Travel","2017 September","Departures","Air","Thousand","1583.6"
"Air and Sea Travel","2017 September","Departures","Sea","Thousand","125.6"
"Air and Sea Travel","2017 October","Arrivals","All modes of transport","Thousand","1569.6"
"Air and Sea Travel","2017 October","Arrivals","Air","Thousand","1482.8"
"Air and Sea Travel","2017 October","Arrivals","Sea","Thousand","86.8"
"Air and Sea Travel","2017 October","Departures","All modes of transport","Thousand","1597.5"
"Air and Sea Travel","2017 October","Departures","Air","Thousand","1505.9"
"Air and Sea Travel","2017 October","Departures","Sea","Thousand","91.6"
"Air and Sea Travel","2017 November","Arrivals","All modes of transport","Thousand","1289.3"
"Air and Sea Travel","2017 November","Arrivals","Air","Thousand","1234.2"
"Air and Sea Travel","2017 November","Arrivals","Sea","Thousand","55.1"
"Air and Sea Travel","2017 November","Departures","All modes of transport","Thousand","1256.4"
"Air and Sea Travel","2017 November","Departures","Air","Thousand","1203.5"
"Air and Sea Travel","2017 November","Departures","Sea","Thousand","52.9"
"Air and Sea Travel","2017 December","Arrivals","All modes of transport","Thousand","1276"
"Air and Sea Travel","2017 December","Arrivals","Air","Thousand","1190.3"
"Air and Sea Travel","2017 December","Arrivals","Sea","Thousand","85.7"
"Air and Sea Travel","2017 December","Departures","All modes of transport","Thousand","1270.2"
"Air and Sea Travel","2017 December","Departures","Air","Thousand","1204.3"
"Air and Sea Travel","2017 December","Departures","Sea","Thousand","65.9"
"Air and Sea Travel","2018 January","Arrivals","All modes of transport","Thousand","1156.9"
"Air and Sea Travel","2018 January","Arrivals","Air","Thousand","1110.5"
"Air and Sea Travel","2018 January","Arrivals","Sea","Thousand","46.4"
"Air and Sea Travel","2018 January","Departures","All modes of transport","Thousand","1166.9"
"Air and Sea Travel","2018 January","Departures","Air","Thousand","1115.6"
"Air and Sea Travel","2018 January","Departures","Sea","Thousand","51.3"
"Air and Sea Travel","2018 February","Arrivals","All modes of transport","Thousand","1108.7"
"Air and Sea Travel","2018 February","Arrivals","Air","Thousand","1057.9"
"Air and Sea Travel","2018 February","Arrivals","Sea","Thousand","50.8"
"Air and Sea Travel","2018 February","Departures","All modes of transport","Thousand","1095.8"
"Air and Sea Travel","2018 February","Departures","Air","Thousand","1047.3"
"Air and Sea Travel","2018 February","Departures","Sea","Thousand","48.5"
"Air and Sea Travel","2018 March","Arrivals","All modes of transport","Thousand","1345"
"Air and Sea Travel","2018 March","Arrivals","Air","Thousand","1262.4"
"Air and Sea Travel","2018 March","Arrivals","Sea","Thousand","82.6"
"Air and Sea Travel","2018 March","Departures","All modes of transport","Thousand","1364.8"
"Air and Sea Travel","2018 March","Departures","Air","Thousand","1294.6"
"Air and Sea Travel","2018 March","Departures","Sea","Thousand","70.1"
"Air and Sea Travel","2018 April","Arrivals","All modes of transport","Thousand","1633.1"
"Air and Sea Travel","2018 April","Arrivals","Air","Thousand","1531.3"
"Air and Sea Travel","2018 April","Arrivals","Sea","Thousand","101.9"
"Air and Sea Travel","2018 April","Departures","All modes of transport","Thousand","1577.7"
"Air and Sea Travel","2018 April","Departures","Air","Thousand","1473.8"
"Air and Sea Travel","2018 April","Departures","Sea","Thousand","103.9"
"Air and Sea Travel","2018 May","Arrivals","All modes of transport","Thousand","1752.2"
"Air and Sea Travel","2018 May","Arrivals","Air","Thousand","1632.2"
"Air and Sea Travel","2018 May","Arrivals","Sea","Thousand","119.9"
"Air and Sea Travel","2018 May","Departures","All modes of transport","Thousand","1802.4"
"Air and Sea Travel","2018 May","Departures","Air","Thousand","1687.4"
"Air and Sea Travel","2018 May","Departures","Sea","Thousand","115"
"Air and Sea Travel","2018 June","Arrivals","All modes of transport","Thousand","1883.4"
"Air and Sea Travel","2018 June","Arrivals","Air","Thousand","1762.5"
"Air and Sea Travel","2018 June","Arrivals","Sea","Thousand","121"
"Air and Sea Travel","2018 June","Departures","All modes of transport","Thousand","2035.4"
"Air and Sea Travel","2018 June","Departures","Air","Thousand","1879"
"Air and Sea Travel","2018 June","Departures","Sea","Thousand","156.3"
"Air and Sea Travel","2018 July","Arrivals","All modes of transport","Thousand","2163.7"
"Air and Sea Travel","2018 July","Arrivals","Air","Thousand","1953"
"Air and Sea Travel","2018 July","Arrivals","Sea","Thousand","210.7"
"Air and Sea Travel","2018 July","Departures","All modes of transport","Thousand","2116.8"
"Air and Sea Travel","2018 July","Departures","Air","Thousand","1932"
"Air and Sea Travel","2018 July","Departures","Sea","Thousand","184.8"
"Air and Sea Travel","2018 August","Arrivals","All modes of transport","Thousand","2163.6"
"Air and Sea Travel","2018 August","Arrivals","Air","Thousand","1927.3"
"Air and Sea Travel","2018 August","Arrivals","Sea","Thousand","236.3"
"Air and Sea Travel","2018 August","Departures","All modes of transport","Thousand","2095.7"
"Air and Sea Travel","2018 August","Departures","Air","Thousand","1865.2"
"Air and Sea Travel","2018 August","Departures","Sea","Thousand","230.5"
"Air and Sea Travel","2018 September","Arrivals","All modes of transport","Thousand","1806.4"
"Air and Sea Travel","2018 September","Arrivals","Air","Thousand","1696.5"
"Air and Sea Travel","2018 September","Arrivals","Sea","Thousand","109.9"
"Air and Sea Travel","2018 September","Departures","All modes of transport","Thousand","1809"
"Air and Sea Travel","2018 September","Departures","Air","Thousand","1691"
"Air and Sea Travel","2018 September","Departures","Sea","Thousand","118"
"Air and Sea Travel","2018 October","Arrivals","All modes of transport","Thousand","1682.8"
"Air and Sea Travel","2018 October","Arrivals","Air","Thousand","1598.5"
"Air and Sea Travel","2018 October","Arrivals","Sea","Thousand","84.3"
"Air and Sea Travel","2018 October","Departures","All modes of transport","Thousand","1710.4"
"Air and Sea Travel","2018 October","Departures","Air","Thousand","1624.9"
"Air and Sea Travel","2018 October","Departures","Sea","Thousand","85.5"
"Air and Sea Travel","2018 November","Arrivals","All modes of transport","Thousand","1355.4"
"Air and Sea Travel","2018 November","Arrivals","Air","Thousand","1305.3"
"Air and Sea Travel","2018 November","Arrivals","Sea","Thousand","50.1"
"Air and Sea Travel","2018 November","Departures","All modes of transport","Thousand","1333.8"
"Air and Sea Travel","2018 November","Departures","Air","Thousand","1284"
"Air and Sea Travel","2018 November","Departures","Sea","Thousand","49.8"
"Air and Sea Travel","2018 December","Arrivals","All modes of transport","Thousand","1344.7"
"Air and Sea Travel","2018 December","Arrivals","Air","Thousand","1264.8"
"Air and Sea Travel","2018 December","Arrivals","Sea","Thousand","80"
"Air and Sea Travel","2018 December","Departures","All modes of transport","Thousand","1347.6"
"Air and Sea Travel","2018 December","Departures","Air","Thousand","1285.7"
"Air and Sea Travel","2018 December","Departures","Sea","Thousand","61.9"
"Air and Sea Travel","2019 January","Arrivals","All modes of transport","Thousand","1213.2"
"Air and Sea Travel","2019 January","Arrivals","Air","Thousand","1174.6"
"Air and Sea Travel","2019 January","Arrivals","Sea","Thousand","38.6"
"Air and Sea Travel","2019 January","Departures","All modes of transport","Thousand","1221.6"
"Air and Sea Travel","2019 January","Departures","Air","Thousand","1169.3"
"Air and Sea Travel","2019 January","Departures","Sea","Thousand","52.3"
"Air and Sea Travel","2019 February","Arrivals","All modes of transport","Thousand","1187.3"
"Air and Sea Travel","2019 February","Arrivals","Air","Thousand","1142.4"
"Air and Sea Travel","2019 February","Arrivals","Sea","Thousand","44.9"
"Air and Sea Travel","2019 February","Departures","All modes of transport","Thousand","1181.1"
"Air and Sea Travel","2019 February","Departures","Air","Thousand","1139.1"
"Air and Sea Travel","2019 February","Departures","Sea","Thousand","42"
"Air and Sea Travel","2019 March","Arrivals","All modes of transport","Thousand","1465.9"
"Air and Sea Travel","2019 March","Arrivals","Air","Thousand","1400.5"
"Air and Sea Travel","2019 March","Arrivals","Sea","Thousand","65.4"
"Air and Sea Travel","2019 March","Departures","All modes of transport","Thousand","1436.6"
"Air and Sea Travel","2019 March","Departures","Air","Thousand","1375.4"
"Air and Sea Travel","2019 March","Departures","Sea","Thousand","61.3"
"Air and Sea Travel","2019 April","Arrivals","All modes of transport","Thousand","1712.9"
"Air and Sea Travel","2019 April","Arrivals","Air","Thousand","1596.9"
"Air and Sea Travel","2019 April","Arrivals","Sea","Thousand","116"
"Air and Sea Travel","2019 April","Departures","All modes of transport","Thousand","1736.4"
"Air and Sea Travel","2019 April","Departures","Air","Thousand","1622.6"
"Air and Sea Travel","2019 April","Departures","Sea","Thousand","113.8"
"Air and Sea Travel","2019 May","Arrivals","All modes of transport","Thousand","1818.9"
"Air and Sea Travel","2019 May","Arrivals","Air","Thousand","1712"
"Air and Sea Travel","2019 May","Arrivals","Sea","Thousand","106.8"
"Air and Sea Travel","2019 May","Departures","All modes of transport","Thousand","1851.6"
"Air and Sea Travel","2019 May","Departures","Air","Thousand","1744"
"Air and Sea Travel","2019 May","Departures","Sea","Thousand","107.5"
"Air and Sea Travel","2019 June","Arrivals","All modes of transport","Thousand","1941.1"
"Air and Sea Travel","2019 June","Arrivals","Air","Thousand","1823.7"
"Air and Sea Travel","2019 June","Arrivals","Sea","Thousand","117.4"
"Air and Sea Travel","2019 June","Departures","All modes of transport","Thousand","2081"
"Air and Sea Travel","2019 June","Departures","Air","Thousand","1933.4"
"Air and Sea Travel","2019 June","Departures","Sea","Thousand","147.5"
"Air and Sea Travel","2019 July","Arrivals","All modes of transport","Thousand","2225.9"
"Air and Sea Travel","2019 July","Arrivals","Air","Thousand","2017.7"
"Air and Sea Travel","2019 July","Arrivals","Sea","Thousand","208.1"
"Air and Sea Travel","2019 July","Departures","All modes of transport","Thousand","2183.9"
"Air and Sea Travel","2019 July","Departures","Air","Thousand","2006.9"
"Air and Sea Travel","2019 July","Departures","Sea","Thousand","177"
"Air and Sea Travel","2019 August","Arrivals","All modes of transport","Thousand","2256.5"
"Air and Sea Travel","2019 August","Arrivals","Air","Thousand","2033.6"
"Air and Sea Travel","2019 August","Arrivals","Sea","Thousand","222.9"
"Air and Sea Travel","2019 August","Departures","All modes of transport","Thousand","2191.9"
"Air and Sea Travel","2019 August","Departures","Air","Thousand","1967.5"
"Air and Sea Travel","2019 August","Departures","Sea","Thousand","224.3"
"Air and Sea Travel","2019 September","Arrivals","All modes of transport","Thousand","1871.1"
"Air and Sea Travel","2019 September","Arrivals","Air","Thousand","1764.4"
"Air and Sea Travel","2019 September","Arrivals","Sea","Thousand","106.7"
"Air and Sea Travel","2019 September","Departures","All modes of transport","Thousand","1869.3"
"Air and Sea Travel","2019 September","Departures","Air","Thousand","1757.4"
"Air and Sea Travel","2019 September","Departures","Sea","Thousand","111.8"
"Air and Sea Travel","2019 October","Arrivals","All modes of transport","Thousand","1727.1"
"Air and Sea Travel","2019 October","Arrivals","Air","Thousand","1646.3"
"Air and Sea Travel","2019 October","Arrivals","Sea","Thousand","80.8"
"Air and Sea Travel","2019 October","Departures","All modes of transport","Thousand","1739.9"
"Air and Sea Travel","2019 October","Departures","Air","Thousand","1660.1"
"Air and Sea Travel","2019 October","Departures","Sea","Thousand","79.8"
"Air and Sea Travel","2019 November","Arrivals","All modes of transport","Thousand","1351.4"
"Air and Sea Travel","2019 November","Arrivals","Air","Thousand","1305.1"
"Air and Sea Travel","2019 November","Arrivals","Sea","Thousand","46.3"
"Air and Sea Travel","2019 November","Departures","All modes of transport","Thousand","1328.4"
"Air and Sea Travel","2019 November","Departures","Air","Thousand","1279.1"
"Air and Sea Travel","2019 November","Departures","Sea","Thousand","49.3"
"Air and Sea Travel","2019 December","Arrivals","All modes of transport","Thousand","1372.6"
"Air and Sea Travel","2019 December","Arrivals","Air","Thousand","1290.4"
"Air and Sea Travel","2019 December","Arrivals","Sea","Thousand","82.2"
"Air and Sea Travel","2019 December","Departures","All modes of transport","Thousand","1383.8"
"Air and Sea Travel","2019 December","Departures","Air","Thousand","1320.2"
"Air and Sea Travel","2019 December","Departures","Sea","Thousand","63.5"
"Air and Sea Travel","2020 January","Arrivals","All modes of transport","Thousand","1235.1"
"Air and Sea Travel","2020 January","Arrivals","Air","Thousand","1195.2"
"Air and Sea Travel","2020 January","Arrivals","Sea","Thousand","39.9"
"Air and Sea Travel","2020 January","Departures","All modes of transport","Thousand","1239.8"
"Air and Sea Travel","2020 January","Departures","Air","Thousand","1183.5"
"Air and Sea Travel","2020 January","Departures","Sea","Thousand","56.3"
"Air and Sea Travel","2020 February","Arrivals","All modes of transport","Thousand","1215.1"
"Air and Sea Travel","2020 February","Arrivals","Air","Thousand","1171.7"
"Air and Sea Travel","2020 February","Arrivals","Sea","Thousand","43.4"
"Air and Sea Travel","2020 February","Departures","All modes of transport","Thousand","1203.3"
"Air and Sea Travel","2020 February","Departures","Air","Thousand","1161.9"
"Air and Sea Travel","2020 February","Departures","Sea","Thousand","41.4"
"Air and Sea Travel","2020 March","Arrivals","All modes of transport","Thousand","635"
"Air and Sea Travel","2020 March","Arrivals","Air","Thousand","603.6"
"Air and Sea Travel","2020 March","Arrivals","Sea","Thousand","31.3"
"Air and Sea Travel","2020 March","Departures","All modes of transport","Thousand","602.1"
"Air and Sea Travel","2020 March","Departures","Air","Thousand","575.6"
"Air and Sea Travel","2020 March","Departures","Sea","Thousand","26.5"
"Air and Sea Travel","2020 April","Arrivals","All modes of transport","Thousand","16.1"
"Air and Sea Travel","2020 April","Arrivals","Air","Thousand","12.1"
"Air and Sea Travel","2020 April","Arrivals","Sea","Thousand","4"
"Air and Sea Travel","2020 April","Departures","All modes of transport","Thousand","17.8"
"Air and Sea Travel","2020 April","Departures","Air","Thousand","12.8"
"Air and Sea Travel","2020 April","Departures","Sea","Thousand","4.9"
"Air and Sea Travel","2020 May","Arrivals","All modes of transport","Thousand","28.3"
"Air and Sea Travel","2020 May","Arrivals","Air","Thousand","19.9"
"Air and Sea Travel","2020 May","Arrivals","Sea","Thousand","8.4"
"Air and Sea Travel","2020 May","Departures","All modes of transport","Thousand","36.3"
"Air and Sea Travel","2020 May","Departures","Air","Thousand","24.7"
"Air and Sea Travel","2020 May","Departures","Sea","Thousand","11.6"
"Air and Sea Travel","2020 June","Arrivals","All modes of transport","Thousand","57.1"
"Air and Sea Travel","2020 June","Arrivals","Air","Thousand","40.2"
"Air and Sea Travel","2020 June","Arrivals","Sea","Thousand","16.9"
"Air and Sea Travel","2020 June","Departures","All modes of transport","Thousand","73.9"
"Air and Sea Travel","2020 June","Departures","Air","Thousand","53.1"
"Air and Sea Travel","2020 June","Departures","Sea","Thousand","20.8"
"Air and Sea Travel","2020 July","Arrivals","All modes of transport","Thousand","227.3"
"Air and Sea Travel","2020 July","Arrivals","Air","Thousand","188.1"
"Air and Sea Travel","2020 July","Arrivals","Sea","Thousand","39.2"
"Air and Sea Travel","2020 July","Departures","All modes of transport","Thousand","275.4"
"Air and Sea Travel","2020 July","Departures","Air","Thousand","239"
"Air and Sea Travel","2020 July","Departures","Sea","Thousand","36.4"
"Air and Sea Travel","2020 August","Arrivals","All modes of transport","Thousand","362.6"
"Air and Sea Travel","2020 August","Arrivals","Air","Thousand","311.6"
"Air and Sea Travel","2020 August","Arrivals","Sea","Thousand","51"
"Air and Sea Travel","2020 August","Departures","All modes of transport","Thousand","328.2"
"Air and Sea Travel","2020 August","Departures","Air","Thousand","275.5"
"Air and Sea Travel","2020 August","Departures","Sea","Thousand","52.7"
"Air and Sea Travel","2020 September","Arrivals","All modes of transport","Thousand","254.4"
"Air and Sea Travel","2020 September","Arrivals","Air","Thousand","224"
"Air and Sea Travel","2020 September","Arrivals","Sea","Thousand","30.4"
"Air and Sea Travel","2020 September","Departures","All modes of transport","Thousand","236.7"
"Air and Sea Travel","2020 September","Departures","Air","Thousand","203.5"
"Air and Sea Travel","2020 September","Departures","Sea","Thousand","33.2"
"Air and Sea Travel","2020 October","Arrivals","All modes of transport","Thousand","160.9"
"Air and Sea Travel","2020 October","Arrivals","Air","Thousand","142.5"
"Air and Sea Travel","2020 October","Arrivals","Sea","Thousand","18.5"
"Air and Sea Travel","2020 October","Departures","All modes of transport","Thousand","163.3"
"Air and Sea Travel","2020 October","Departures","Air","Thousand","143.7"
"Air and Sea Travel","2020 October","Departures","Sea","Thousand","19.6"
"Air and Sea Travel","2020 November","Arrivals","All modes of transport","Thousand","103.9"
"Air and Sea Travel","2020 November","Arrivals","Air","Thousand","90.9"
"Air and Sea Travel","2020 November","Arrivals","Sea","Thousand","12.9"
"Air and Sea Travel","2020 November","Departures","All modes of transport","Thousand","96.8"
"Air and Sea Travel","2020 November","Departures","Air","Thousand","85.1"
"Air and Sea Travel","2020 November","Departures","Sea","Thousand","11.7"
"Air and Sea Travel","2020 December","Arrivals","All modes of transport","Thousand","164.4"
"Air and Sea Travel","2020 December","Arrivals","Air","Thousand","135.9"
"Air and Sea Travel","2020 December","Arrivals","Sea","Thousand","28.5"
"Air and Sea Travel","2020 December","Departures","All modes of transport","Thousand","178.8"
"Air and Sea Travel","2020 December","Departures","Air","Thousand","156.1"
"Air and Sea Travel","2020 December","Departures","Sea","Thousand","22.8"
"Air and Sea Travel","2021 January","Arrivals","All modes of transport","Thousand","108"
"Air and Sea Travel","2021 January","Arrivals","Air","Thousand","101.1"
"Air and Sea Travel","2021 January","Arrivals","Sea","Thousand","6.9"
"Air and Sea Travel","2021 January","Departures","All modes of transport","Thousand","118.7"
"Air and Sea Travel","2021 January","Departures","Air","Thousand","104.1"
"Air and Sea Travel","2021 January","Departures","Sea","Thousand","14.6"
"Air and Sea Travel","2021 February","Arrivals","All modes of transport","Thousand","54.8"
"Air and Sea Travel","2021 February","Arrivals","Air","Thousand","50.5"
"Air and Sea Travel","2021 February","Arrivals","Sea","Thousand","4.3"
"Air and Sea Travel","2021 February","Departures","All modes of transport","Thousand","53.2"
"Air and Sea Travel","2021 February","Departures","Air","Thousand","46.7"
"Air and Sea Travel","2021 February","Departures","Sea","Thousand","6.5"
"Air and Sea Travel","2021 March","Arrivals","All modes of transport","Thousand","61.4"
"Air and Sea Travel","2021 March","Arrivals","Air","Thousand","55.1"
"Air and Sea Travel","2021 March","Arrivals","Sea","Thousand","6.3"
"Air and Sea Travel","2021 March","Departures","All modes of transport","Thousand","66.5"
"Air and Sea Travel","2021 March","Departures","Air","Thousand","57.5"
"Air and Sea Travel","2021 March","Departures","Sea","Thousand","8.9"
"Air and Sea Travel","2021 April","Arrivals","All modes of transport","Thousand","69.4"
"Air and Sea Travel","2021 April","Arrivals","Air","Thousand","61.4"
"Air and Sea Travel","2021 April","Arrivals","Sea","Thousand","8"
"Air and Sea Travel","2021 April","Departures","All modes of transport","Thousand","73"
"Air and Sea Travel","2021 April","Departures","Air","Thousand","61.5"
"Air and Sea Travel","2021 April","Departures","Sea","Thousand","11.5"
"Air and Sea Travel","2021 May","Arrivals","All modes of transport","Thousand","85.4"
"Air and Sea Travel","2021 May","Arrivals","Air","Thousand","73.2"
"Air and Sea Travel","2021 May","Arrivals","Sea","Thousand","12.2"
"Air and Sea Travel","2021 May","Departures","All modes of transport","Thousand","97"
"Air and Sea Travel","2021 May","Departures","Air","Thousand","82.4"
"Air and Sea Travel","2021 May","Departures","Sea","Thousand","14.6"
"Air and Sea Travel","2021 June","Arrivals","All modes of transport","Thousand","160"
"Air and Sea Travel","2021 June","Arrivals","Air","Thousand","136.1"
"Air and Sea Travel","2021 June","Arrivals","Sea","Thousand","23.9"
"Air and Sea Travel","2021 June","Departures","All modes of transport","Thousand","199.1"
"Air and Sea Travel","2021 June","Departures","Air","Thousand","174.7"
"Air and Sea Travel","2021 June","Departures","Sea","Thousand","24.4"
"Air and Sea Travel","2021 July","Arrivals","All modes of transport","Thousand","380.7"
"Air and Sea Travel","2021 July","Arrivals","Air","Thousand","326.6"
"Air and Sea Travel","2021 July","Arrivals","Sea","Thousand","54.1"
"Air and Sea Travel","2021 July","Departures","All modes of transport","Thousand","428.6"
"Air and Sea Travel","2021 July","Departures","Air","Thousand","384"
"Air and Sea Travel","2021 July","Departures","Sea","Thousand","44.6"
"Air and Sea Travel","2021 August","Arrivals","All modes of transport","Thousand","821.7"
"Air and Sea Travel","2021 August","Arrivals","Air","Thousand","720.4"
"Air and Sea Travel","2021 August","Arrivals","Sea","Thousand","101.3"
"Air and Sea Travel","2021 August","Departures","All modes of transport","Thousand","781"
"Air and Sea Travel","2021 August","Departures","Air","Thousand","673"
"Air and Sea Travel","2021 August","Departures","Sea","Thousand","108"
"Air and Sea Travel","2021 September","Arrivals","All modes of transport","Thousand","810.1"
"Air and Sea Travel","2021 September","Arrivals","Air","Thousand","743"
"Air and Sea Travel","2021 September","Arrivals","Sea","Thousand","67.1"
"Air and Sea Travel","2021 September","Departures","All modes of transport","Thousand","792"
"Air and Sea Travel","2021 September","Departures","Air","Thousand","716.6"
"Air and Sea Travel","2021 September","Departures","Sea","Thousand","75.4"
"Air and Sea Travel","2021 October","Arrivals","All modes of transport","Thousand","925.5"
"Air and Sea Travel","2021 October","Arrivals","Air","Thousand","853.2"
"Air and Sea Travel","2021 October","Arrivals","Sea","Thousand","72.4"
"Air and Sea Travel","2021 October","Departures","All modes of transport","Thousand","895.1"
"Air and Sea Travel","2021 October","Departures","Air","Thousand","821.2"
"Air and Sea Travel","2021 October","Departures","Sea","Thousand","73.9"
"Air and Sea Travel","2021 November","Arrivals","All modes of transport","Thousand","785.8"
"Air and Sea Travel","2021 November","Arrivals","Air","Thousand","754.5"
"Air and Sea Travel","2021 November","Arrivals","Sea","Thousand","31.3"
"Air and Sea Travel","2021 November","Departures","All modes of transport","Thousand","785"
"Air and Sea Travel","2021 November","Departures","Air","Thousand","749.7"
"Air and Sea Travel","2021 November","Departures","Sea","Thousand","35.4"
"Air and Sea Travel","2021 December","Arrivals","All modes of transport","Thousand","692.9"
"Air and Sea Travel","2021 December","Arrivals","Air","Thousand","641.5"
"Air and Sea Travel","2021 December","Arrivals","Sea","Thousand","51.5"
"Air and Sea Travel","2021 December","Departures","All modes of transport","Thousand","732.7"
"Air and Sea Travel","2021 December","Departures","Air","Thousand","687.9"
"Air and Sea Travel","2021 December","Departures","Sea","Thousand","44.8"
"Air and Sea Travel","2022 January","Arrivals","All modes of transport","Thousand","584.1"
"Air and Sea Travel","2022 January","Arrivals","Air","Thousand","563.4"
"Air and Sea Travel","2022 January","Arrivals","Sea","Thousand","20.6"
"Air and Sea Travel","2022 January","Departures","All modes of transport","Thousand","562.3"
"Air and Sea Travel","2022 January","Departures","Air","Thousand","528.4"
"Air and Sea Travel","2022 January","Departures","Sea","Thousand","33.9"
"Air and Sea Travel","2022 February","Arrivals","All modes of transport","Thousand","787.3"
"Air and Sea Travel","2022 February","Arrivals","Air","Thousand","754.6"
"Air and Sea Travel","2022 February","Arrivals","Sea","Thousand","32.7"
"Air and Sea Travel","2022 February","Departures","All modes of transport","Thousand","785.2"
"Air and Sea Travel","2022 February","Departures","Air","Thousand","751.9"
"Air and Sea Travel","2022 February","Departures","Sea","Thousand","33.2"
"Air and Sea Travel","2022 March","Arrivals","All modes of transport","Thousand","1100.7"
"Air and Sea Travel","2022 March","Arrivals","Air","Thousand","1056.8"
"Air and Sea Travel","2022 March","Arrivals","Sea","Thousand","43.9"
"Air and Sea Travel","2022 March","Departures","All modes of transport","Thousand","1055.4"
"Air and Sea Travel","2022 March","Departures","Air","Thousand","1014.7"
"Air and Sea Travel","2022 March","Departures","Sea","Thousand","40.8"
"Air and Sea Travel","2022 April","Arrivals","All modes of transport","Thousand","1476.6"
"Air and Sea Travel","2022 April","Arrivals","Air","Thousand","1377.1"
"Air and Sea Travel","2022 April","Arrivals","Sea","Thousand","99.5"
"Air and Sea Travel","2022 April","Departures","All modes of transport","Thousand","1493.6"
"Air and Sea Travel","2022 April","Departures","Air","Thousand","1395.1"
"Air and Sea Travel","2022 April","Departures","Sea","Thousand","98.5"
"Air and Sea Travel","2022 May","Arrivals","All modes of transport","Thousand","1592.4"
"Air and Sea Travel","2022 May","Arrivals","Air","Thousand","1501.9"
"Air and Sea Travel","2022 May","Arrivals","Sea","Thousand","90.5"
"Air and Sea Travel","2022 May","Departures","All modes of transport","Thousand","1577.6"
"Air and Sea Travel","2022 May","Departures","Air","Thousand","1499.1"
"Air and Sea Travel","2022 May","Departures","Sea","Thousand","78.5"
"Air and Sea Travel","2022 June","Arrivals","All modes of transport","Thousand","1703.2"
"Air and Sea Travel","2022 June","Arrivals","Air","Thousand","1605.7"
"Air and Sea Travel","2022 June","Arrivals","Sea","Thousand","97.5"
"Air and Sea Travel","2022 June","Departures","All modes of transport","Thousand","1829.5"
"Air and Sea Travel","2022 June","Departures","Air","Thousand","1704"
"Air and Sea Travel","2022 June","Departures","Sea","Thousand","125.4"
"Air and Sea Travel","2022 July","Arrivals","All modes of transport","Thousand","1965.4"
"Air and Sea Travel","2022 July","Arrivals","Air","Thousand","1783.6"
"Air and Sea Travel","2022 July","Arrivals","Sea","Thousand","181.8"
"Air and Sea Travel","2022 July","Departures","All modes of transport","Thousand","1945.8"
"Air and Sea Travel","2022 July","Departures","Air","Thousand","1788.2"
"Air and Sea Travel","2022 July","Departures","Sea","Thousand","157.6"
"Air and Sea Travel","2022 August","Arrivals","All modes of transport","Thousand","2037.6"
"Air and Sea Travel","2022 August","Arrivals","Air","Thousand","1836.4"
"Air and Sea Travel","2022 August","Arrivals","Sea","Thousand","201.3"
"Air and Sea Travel","2022 August","Departures","All modes of transport","Thousand","1943.3"
"Air and Sea Travel","2022 August","Departures","Air","Thousand","1749.6"
"Air and Sea Travel","2022 August","Departures","Sea","Thousand","193.7"
"Air and Sea Travel","2022 September","Arrivals","All modes of transport","Thousand","1726.1"
"Air and Sea Travel","2022 September","Arrivals","Air","Thousand","1626.8"
"Air and Sea Travel","2022 September","Arrivals","Sea","Thousand","99.2"
"Air and Sea Travel","2022 September","Departures","All modes of transport","Thousand","1697.8"
"Air and Sea Travel","2022 September","Departures","Air","Thousand","1592.2"
"Air and Sea Travel","2022 September","Departures","Sea","Thousand","105.6"
"Air and Sea Travel","2022 October","Arrivals","All modes of transport","Thousand","1633.8"
"Air and Sea Travel","2022 October","Arrivals","Air","Thousand","1557.2"
"Air and Sea Travel","2022 October","Arrivals","Sea","Thousand","76.6"
"Air and Sea Travel","2022 October","Departures","All modes of transport","Thousand","1643.2"
"Air and Sea Travel","2022 October","Departures","Air","Thousand","1562"
"Air and Sea Travel","2022 October","Departures","Sea","Thousand","81.3"
"Air and Sea Travel","2022 November","Arrivals","All modes of transport","Thousand","1340.4"
"Air and Sea Travel","2022 November","Arrivals","Air","Thousand","1292.8"
"Air and Sea Travel","2022 November","Arrivals","Sea","Thousand","47.6"
"Air and Sea Travel","2022 November","Departures","All modes of transport","Thousand","1285.9"
"Air and Sea Travel","2022 November","Departures","Air","Thousand","1240.4"
"Air and Sea Travel","2022 November","Departures","Sea","Thousand","45.5"
"Air and Sea Travel","2022 December","Arrivals","All modes of transport","Thousand","1309.5"
"Air and Sea Travel","2022 December","Arrivals","Air","Thousand","1237"
"Air and Sea Travel","2022 December","Arrivals","Sea","Thousand","72.5"
"Air and Sea Travel","2022 December","Departures","All modes of transport","Thousand","1352.8"
"Air and Sea Travel","2022 December","Departures","Air","Thousand","1291.9"
"Air and Sea Travel","2022 December","Departures","Sea","Thousand","60.9"
"Air and Sea Travel","2023 January","Arrivals","All modes of transport","Thousand","1252"
"Air and Sea Travel","2023 January","Arrivals","Air","Thousand","1216.6"
"Air and Sea Travel","2023 January","Arrivals","Sea","Thousand","35.4"
"Air and Sea Travel","2023 January","Departures","All modes of transport","Thousand","1229.8"
"Air and Sea Travel","2023 January","Departures","Air","Thousand","1182.3"
"Air and Sea Travel","2023 January","Departures","Sea","Thousand","47.5"
"Air and Sea Travel","2023 February","Arrivals","All modes of transport","Thousand","1228.9"
"Air and Sea Travel","2023 February","Arrivals","Air","Thousand","1184.2"
"Air and Sea Travel","2023 February","Arrivals","Sea","Thousand","44.7"
"Air and Sea Travel","2023 February","Departures","All modes of transport","Thousand","1212.5"
"Air and Sea Travel","2023 February","Departures","Air","Thousand","1168.9"
"Air and Sea Travel","2023 February","Departures","Sea","Thousand","43.5"
"Air and Sea Travel","2023 March","Arrivals","All modes of transport","Thousand","1470.6"
"Air and Sea Travel","2023 March","Arrivals","Air","Thousand","1414"
"Air and Sea Travel","2023 March","Arrivals","Sea","Thousand","56.6"
"Air and Sea Travel","2023 March","Departures","All modes of transport","Thousand","1479.9"
"Air and Sea Travel","2023 March","Departures","Air","Thousand","1424.4"
"Air and Sea Travel","2023 March","Departures","Sea","Thousand","55.5"
"Air and Sea Travel","2023 April","Arrivals","All modes of transport","Thousand","1785"
"Air and Sea Travel","2023 April","Arrivals","Air","Thousand","1676.6"
"Air and Sea Travel","2023 April","Arrivals","Sea","Thousand","108.3"
"Air and Sea Travel","2023 April","Departures","All modes of transport","Thousand","1762.2"
"Air and Sea Travel","2023 April","Departures","Air","Thousand","1654.3"
"Air and Sea Travel","2023 April","Departures","Sea","Thousand","108"
"Air and Sea Travel","2023 May","Arrivals","All modes of transport","Thousand","1877.9"
"Air and Sea Travel","2023 May","Arrivals","Air","Thousand","1770.5"
"Air and Sea Travel","2023 May","Arrivals","Sea","Thousand","107.4"
"Air and Sea Travel","2023 May","Departures","All modes of transport","Thousand","1897.8"
"Air and Sea Travel","2023 May","Departures","Air","Thousand","1799.3"
"Air and Sea Travel","2023 May","Departures","Sea","Thousand","98.6"
"Air and Sea Travel","2023 June","Arrivals","All modes of transport","Thousand","1955.6"
"Air and Sea Travel","2023 June","Arrivals","Air","Thousand","1846.2"
"Air and Sea Travel","2023 June","Arrivals","Sea","Thousand","109.5"
"Air and Sea Travel","2023 June","Departures","All modes of transport","Thousand","2086.4"
"Air and Sea Travel","2023 June","Departures","Air","Thousand","1947.5"
"Air and Sea Travel","2023 June","Departures","Sea","Thousand","138.8"
"Air and Sea Travel","2023 July","Arrivals","All modes of transport","Thousand","2221.9"
"Air and Sea Travel","2023 July","Arrivals","Air","Thousand","2030.8"
"Air and Sea Travel","2023 July","Arrivals","Sea","Thousand","191.1"
"Air and Sea Travel","2023 July","Departures","All modes of transport","Thousand","2177.2"
"Air and Sea Travel","2023 July","Departures","Air","Thousand","2012.4"
"Air and Sea Travel","2023 July","Departures","Sea","Thousand","164.8"
"Air and Sea Travel","2023 August","Arrivals","All modes of transport","Thousand","2270.7"
"Air and Sea Travel","2023 August","Arrivals","Air","Thousand","2070.2"
"Air and Sea Travel","2023 August","Arrivals","Sea","Thousand","200.6"
"Air and Sea Travel","2023 August","Departures","All modes of transport","Thousand","2194.3"
"Air and Sea Travel","2023 August","Departures","Air","Thousand","1994.5"
"Air and Sea Travel","2023 August","Departures","Sea","Thousand","199.8"
"Air and Sea Travel","2023 September","Arrivals","All modes of transport","Thousand","1913.5"
"Air and Sea Travel","2023 September","Arrivals","Air","Thousand","1814.8"
"Air and Sea Travel","2023 September","Arrivals","Sea","Thousand","98.7"
"Air and Sea Travel","2023 September","Departures","All modes of transport","Thousand","1910.1"
"Air and Sea Travel","2023 September","Departures","Air","Thousand","1799"
"Air and Sea Travel","2023 September","Departures","Sea","Thousand","111.1"
"Air and Sea Travel","2023 October","Arrivals","All modes of transport","Thousand","1818.6"
"Air and Sea Travel","2023 October","Arrivals","Air","Thousand","1742.1"
"Air and Sea Travel","2023 October","Arrivals","Sea","Thousand","76.5"
"Air and Sea Travel","2023 October","Departures","All modes of transport","Thousand","1829.7"
"Air and Sea Travel","2023 October","Departures","Air","Thousand","1752.1"
"Air and Sea Travel","2023 October","Departures","Sea","Thousand","77.6"
"Air and Sea Travel","2023 November","Arrivals","All modes of transport","Thousand","1397.4"
"Air and Sea Travel","2023 November","Arrivals","Air","Thousand","1352.8"
"Air and Sea Travel","2023 November","Arrivals","Sea","Thousand","44.5"
"Air and Sea Travel","2023 November","Departures","All modes of transport","Thousand","1361.5"
"Air and Sea Travel","2023 November","Departures","Air","Thousand","1316.5"
"Air and Sea Travel","2023 November","Departures","Sea","Thousand","45"
"Air and Sea Travel","2023 December","Arrivals","All modes of transport","Thousand","1433.6"
"Air and Sea Travel","2023 December","Arrivals","Air","Thousand","1362.3"
"Air and Sea Travel","2023 December","Arrivals","Sea","Thousand","71.3"
"Air and Sea Travel","2023 December","Departures","All modes of transport","Thousand","1484.9"
"Air and Sea Travel","2023 December","Departures","Air","Thousand","1425"
"Air and Sea Travel","2023 December","Departures","Sea","Thousand","59.8"
"Air and Sea Travel","2024 January","Arrivals","All modes of transport","Thousand","1302.5"
"Air and Sea Travel","2024 January","Arrivals","Air","Thousand","1271.3"
"Air and Sea Travel","2024 January","Arrivals","Sea","Thousand","31.1"
"Air and Sea Travel","2024 January","Departures","All modes of transport","Thousand","1281.7"
"Air and Sea Travel","2024 January","Departures","Air","Thousand","1239.5"
"Air and Sea Travel","2024 January","Departures","Sea","Thousand","42.2"
