"Area of Residence","Month","Statistic Label","UNIT","VALUE"
"All trips to Ireland","2016M01","Overseas Trips to Ireland","Thousand","521"
"All trips to Ireland","2016M01","Overseas Trips to Ireland (Seasonally Adjusted)","Thousand","759.5"
"All trips to Ireland","2016M02","Overseas Trips to Ireland","Thousand","561"
"All trips to Ireland","2016M02","Overseas Trips to Ireland (Seasonally Adjusted)","Thousand","785.4"
"All trips to Ireland","2016M03","Overseas Trips to Ireland","Thousand","702.7"
"All trips to Ireland","2016M03","Overseas Trips to Ireland (Seasonally Adjusted)","Thousand","777.6"
"All trips to Ireland","2016M04","Overseas Trips to Ireland","Thousand","798.8"
"All trips to Ireland","2016M04","Overseas Trips to Ireland (Seasonally Adjusted)","Thousand","798.6"
"All trips to Ireland","2016M05","Overseas Trips to Ireland","Thousand","881.3"
"All trips to Ireland","2016M05","Overseas Trips to Ireland (Seasonally Adjusted)","Thousand","768.4"
"All trips to Ireland","2016M06","Overseas Trips to Ireland","Thousand","918.8"
"All trips to Ireland","2016M06","Overseas Trips to Ireland (Seasonally Adjusted)","Thousand","800.7"
"All trips to Ireland","2016M07","Overseas Trips to Ireland","Thousand","1043.3"
"All trips to Ireland","2016M07","Overseas Trips to Ireland (Seasonally Adjusted)","Thousand","817.1"
"All trips to Ireland","2016M08","Overseas Trips to Ireland","Thousand","1125.9"
"All trips to Ireland","2016M08","Overseas Trips to Ireland (Seasonally Adjusted)","Thousand","825.3"
"All trips to Ireland","2016M09","Overseas Trips to Ireland","Thousand","892.4"
"All trips to Ireland","2016M09","Overseas Trips to Ireland (Seasonally Adjusted)","Thousand","805.7"
"All trips to Ireland","2016M10","Overseas Trips to Ireland","Thousand","832.3"
"All trips to Ireland","2016M10","Overseas Trips to Ireland (Seasonally Adjusted)","Thousand","805.2"
"All trips to Ireland","2016M11","Overseas Trips to Ireland","Thousand","642.2"
"All trips to Ireland","2016M11","Overseas Trips to Ireland (Seasonally Adjusted)","Thousand","795.6"
"All trips to Ireland","2016M12","Overseas Trips to Ireland","Thousand","664.8"
"All trips to Ireland","2016M12","Overseas Trips to Ireland (Seasonally Adjusted)","Thousand","807.8"
"All trips to Ireland","2017M01","Overseas Trips to Ireland","Thousand","564.1"
"All trips to Ireland","2017M01","Overseas Trips to Ireland (Seasonally Adjusted)","Thousand","810.5"
"All trips to Ireland","2017M02","Overseas Trips to Ireland","Thousand","512"
"All trips to Ireland","2017M02","Overseas Trips to Ireland (Seasonally Adjusted)","Thousand","792.4"
"All trips to Ireland","2017M03","Overseas Trips to Ireland","Thousand","720"
"All trips to Ireland","2017M03","Overseas Trips to Ireland (Seasonally Adjusted)","Thousand","815.3"
"All trips to Ireland","2017M04","Overseas Trips to Ireland","Thousand","833.3"
"All trips to Ireland","2017M04","Overseas Trips to Ireland (Seasonally Adjusted)","Thousand","813.1"
"All trips to Ireland","2017M05","Overseas Trips to Ireland","Thousand","943.4"
"All trips to Ireland","2017M05","Overseas Trips to Ireland (Seasonally Adjusted)","Thousand","825"
"All trips to Ireland","2017M06","Overseas Trips to Ireland","Thousand","992.7"
"All trips to Ireland","2017M06","Overseas Trips to Ireland (Seasonally Adjusted)","Thousand","854.8"
"All trips to Ireland","2017M07","Overseas Trips to Ireland","Thousand","1031.5"
"All trips to Ireland","2017M07","Overseas Trips to Ireland (Seasonally Adjusted)","Thousand","802.8"
"All trips to Ireland","2017M08","Overseas Trips to Ireland","Thousand","1117.6"
"All trips to Ireland","2017M08","Overseas Trips to Ireland (Seasonally Adjusted)","Thousand","819"
"All trips to Ireland","2017M09","Overseas Trips to Ireland","Thousand","946.6"
"All trips to Ireland","2017M09","Overseas Trips to Ireland (Seasonally Adjusted)","Thousand","864.9"
"All trips to Ireland","2017M10","Overseas Trips to Ireland","Thousand","870.3"
"All trips to Ireland","2017M10","Overseas Trips to Ireland (Seasonally Adjusted)","Thousand","831.6"
"All trips to Ireland","2017M11","Overseas Trips to Ireland","Thousand","718.2"
"All trips to Ireland","2017M11","Overseas Trips to Ireland (Seasonally Adjusted)","Thousand","876.5"
"All trips to Ireland","2017M12","Overseas Trips to Ireland","Thousand","682.4"
"All trips to Ireland","2017M12","Overseas Trips to Ireland (Seasonally Adjusted)","Thousand","829.3"
"All trips to Ireland","2018M01","Overseas Trips to Ireland","Thousand","585.5"
"All trips to Ireland","2018M01","Overseas Trips to Ireland (Seasonally Adjusted)","Thousand","840.3"
"All trips to Ireland","2018M02","Overseas Trips to Ireland","Thousand","575.3"
"All trips to Ireland","2018M02","Overseas Trips to Ireland (Seasonally Adjusted)","Thousand","869.2"
"All trips to Ireland","2018M03","Overseas Trips to Ireland","Thousand","759.8"
"All trips to Ireland","2018M03","Overseas Trips to Ireland (Seasonally Adjusted)","Thousand","843.8"
"All trips to Ireland","2018M04","Overseas Trips to Ireland","Thousand","899.9"
"All trips to Ireland","2018M04","Overseas Trips to Ireland (Seasonally Adjusted)","Thousand","887.8"
"All trips to Ireland","2018M05","Overseas Trips to Ireland","Thousand","1025.6"
"All trips to Ireland","2018M05","Overseas Trips to Ireland (Seasonally Adjusted)","Thousand","904"
"All trips to Ireland","2018M06","Overseas Trips to Ireland","Thousand","1026.4"
"All trips to Ireland","2018M06","Overseas Trips to Ireland (Seasonally Adjusted)","Thousand","887.6"
"All trips to Ireland","2018M07","Overseas Trips to Ireland","Thousand","1160.5"
"All trips to Ireland","2018M07","Overseas Trips to Ireland (Seasonally Adjusted)","Thousand","912.4"
"All trips to Ireland","2018M08","Overseas Trips to Ireland","Thousand","1202.1"
"All trips to Ireland","2018M08","Overseas Trips to Ireland (Seasonally Adjusted)","Thousand","901.6"
"All trips to Ireland","2018M09","Overseas Trips to Ireland","Thousand","968.2"
"All trips to Ireland","2018M09","Overseas Trips to Ireland (Seasonally Adjusted)","Thousand","895.2"
"All trips to Ireland","2018M10","Overseas Trips to Ireland","Thousand","933.5"
"All trips to Ireland","2018M10","Overseas Trips to Ireland (Seasonally Adjusted)","Thousand","895.1"
"All trips to Ireland","2018M11","Overseas Trips to Ireland","Thousand","741"
"All trips to Ireland","2018M11","Overseas Trips to Ireland (Seasonally Adjusted)","Thousand","888.6"
"All trips to Ireland","2018M12","Overseas Trips to Ireland","Thousand","738.3"
"All trips to Ireland","2018M12","Overseas Trips to Ireland (Seasonally Adjusted)","Thousand","892.4"
"All trips to Ireland","2019M01","Overseas Trips to Ireland","Thousand","651.3"
"All trips to Ireland","2019M01","Overseas Trips to Ireland (Seasonally Adjusted)","Thousand","907.7"
"All trips to Ireland","2019M02","Overseas Trips to Ireland","Thousand","590.7"
"All trips to Ireland","2019M02","Overseas Trips to Ireland (Seasonally Adjusted)","Thousand","896.5"
"All trips to Ireland","2019M03","Overseas Trips to Ireland","Thousand","784.7"
"All trips to Ireland","2019M03","Overseas Trips to Ireland (Seasonally Adjusted)","Thousand","891.7"
"All trips to Ireland","2019M04","Overseas Trips to Ireland","Thousand","938.3"
"All trips to Ireland","2019M04","Overseas Trips to Ireland (Seasonally Adjusted)","Thousand","901.6"
"All trips to Ireland","2019M05","Overseas Trips to Ireland","Thousand","1021.7"
"All trips to Ireland","2019M05","Overseas Trips to Ireland (Seasonally Adjusted)","Thousand","891.9"
"All trips to Ireland","2019M06","Overseas Trips to Ireland","Thousand","1061.8"
"All trips to Ireland","2019M06","Overseas Trips to Ireland (Seasonally Adjusted)","Thousand","926.1"
"All trips to Ireland","2019M07","Overseas Trips to Ireland","Thousand","1155.1"
"All trips to Ireland","2019M07","Overseas Trips to Ireland (Seasonally Adjusted)","Thousand","905.2"
"All trips to Ireland","2019M08","Overseas Trips to Ireland","Thousand","1190.6"
"All trips to Ireland","2019M08","Overseas Trips to Ireland (Seasonally Adjusted)","Thousand","900.6"
"All trips to Ireland","2019M09","Overseas Trips to Ireland","Thousand","988.7"
"All trips to Ireland","2019M09","Overseas Trips to Ireland (Seasonally Adjusted)","Thousand","907.4"
"All trips to Ireland","2019M10","Overseas Trips to Ireland","Thousand","956.8"
"All trips to Ireland","2019M10","Overseas Trips to Ireland (Seasonally Adjusted)","Thousand","917.5"
"All trips to Ireland","2019M11","Overseas Trips to Ireland","Thousand","688.6"
"All trips to Ireland","2019M11","Overseas Trips to Ireland (Seasonally Adjusted)","Thousand","843.8"
"All trips to Ireland","2019M12","Overseas Trips to Ireland","Thousand","779.2"
"All trips to Ireland","2019M12","Overseas Trips to Ireland (Seasonally Adjusted)","Thousand","919.6"
"All trips to Ireland","2020M01","Overseas Trips to Ireland","Thousand","654.5"
"All trips to Ireland","2020M01","Overseas Trips to Ireland (Seasonally Adjusted)","Thousand","904.9"
"All trips to Ireland","2020M02","Overseas Trips to Ireland","Thousand","615.2"
"All trips to Ireland","2020M02","Overseas Trips to Ireland (Seasonally Adjusted)","Thousand","898.2"
"USA and Canada","2016M01","Overseas Trips to Ireland","Thousand","69.7"
"USA and Canada","2016M01","Overseas Trips to Ireland (Seasonally Adjusted)","Thousand","136.1"
"USA and Canada","2016M02","Overseas Trips to Ireland","Thousand","52.1"
"USA and Canada","2016M02","Overseas Trips to Ireland (Seasonally Adjusted)","Thousand","125"
"USA and Canada","2016M03","Overseas Trips to Ireland","Thousand","116.4"
"USA and Canada","2016M03","Overseas Trips to Ireland (Seasonally Adjusted)","Thousand","142.7"
"USA and Canada","2016M04","Overseas Trips to Ireland","Thousand","116.3"
"USA and Canada","2016M04","Overseas Trips to Ireland (Seasonally Adjusted)","Thousand","133.7"
"USA and Canada","2016M05","Overseas Trips to Ireland","Thousand","181.5"
"USA and Canada","2016M05","Overseas Trips to Ireland (Seasonally Adjusted)","Thousand","145.6"
"USA and Canada","2016M06","Overseas Trips to Ireland","Thousand","222.4"
"USA and Canada","2016M06","Overseas Trips to Ireland (Seasonally Adjusted)","Thousand","145.3"
"USA and Canada","2016M07","Overseas Trips to Ireland","Thousand","231.7"
"USA and Canada","2016M07","Overseas Trips to Ireland (Seasonally Adjusted)","Thousand","152.5"
"USA and Canada","2016M08","Overseas Trips to Ireland","Thousand","213.5"
"USA and Canada","2016M08","Overseas Trips to Ireland (Seasonally Adjusted)","Thousand","148.7"
"USA and Canada","2016M09","Overseas Trips to Ireland","Thousand","192.3"
"USA and Canada","2016M09","Overseas Trips to Ireland (Seasonally Adjusted)","Thousand","149.5"
"USA and Canada","2016M10","Overseas Trips to Ireland","Thousand","188.7"
"USA and Canada","2016M10","Overseas Trips to Ireland (Seasonally Adjusted)","Thousand","177.4"
"USA and Canada","2016M11","Overseas Trips to Ireland","Thousand","114.5"
"USA and Canada","2016M11","Overseas Trips to Ireland (Seasonally Adjusted)","Thousand","170.6"
"USA and Canada","2016M12","Overseas Trips to Ireland","Thousand","108.9"
"USA and Canada","2016M12","Overseas Trips to Ireland (Seasonally Adjusted)","Thousand","171"
"USA and Canada","2017M01","Overseas Trips to Ireland","Thousand","91"
"USA and Canada","2017M01","Overseas Trips to Ireland (Seasonally Adjusted)","Thousand","176.9"
"USA and Canada","2017M02","Overseas Trips to Ireland","Thousand","75.5"
"USA and Canada","2017M02","Overseas Trips to Ireland (Seasonally Adjusted)","Thousand","181.4"
"USA and Canada","2017M03","Overseas Trips to Ireland","Thousand","126.8"
"USA and Canada","2017M03","Overseas Trips to Ireland (Seasonally Adjusted)","Thousand","154.4"
"USA and Canada","2017M04","Overseas Trips to Ireland","Thousand","155.7"
"USA and Canada","2017M04","Overseas Trips to Ireland (Seasonally Adjusted)","Thousand","177.4"
"USA and Canada","2017M05","Overseas Trips to Ireland","Thousand","213.8"
"USA and Canada","2017M05","Overseas Trips to Ireland (Seasonally Adjusted)","Thousand","171.7"
"USA and Canada","2017M06","Overseas Trips to Ireland","Thousand","259.5"
"USA and Canada","2017M06","Overseas Trips to Ireland (Seasonally Adjusted)","Thousand","171.8"
"USA and Canada","2017M07","Overseas Trips to Ireland","Thousand","240.4"
"USA and Canada","2017M07","Overseas Trips to Ireland (Seasonally Adjusted)","Thousand","159.5"
"USA and Canada","2017M08","Overseas Trips to Ireland","Thousand","256.7"
"USA and Canada","2017M08","Overseas Trips to Ireland (Seasonally Adjusted)","Thousand","179.2"
"USA and Canada","2017M09","Overseas Trips to Ireland","Thousand","235.5"
"USA and Canada","2017M09","Overseas Trips to Ireland (Seasonally Adjusted)","Thousand","183.8"
"USA and Canada","2017M10","Overseas Trips to Ireland","Thousand","190.4"
"USA and Canada","2017M10","Overseas Trips to Ireland (Seasonally Adjusted)","Thousand","177.9"
"USA and Canada","2017M11","Overseas Trips to Ireland","Thousand","136.8"
"USA and Canada","2017M11","Overseas Trips to Ireland (Seasonally Adjusted)","Thousand","201.2"
"USA and Canada","2017M12","Overseas Trips to Ireland","Thousand","119.4"
"USA and Canada","2017M12","Overseas Trips to Ireland (Seasonally Adjusted)","Thousand","184.3"
"USA and Canada","2018M01","Overseas Trips to Ireland","Thousand","93.8"
"USA and Canada","2018M01","Overseas Trips to Ireland (Seasonally Adjusted)","Thousand","182.1"
"USA and Canada","2018M02","Overseas Trips to Ireland","Thousand","79.6"
"USA and Canada","2018M02","Overseas Trips to Ireland (Seasonally Adjusted)","Thousand","190.8"
"USA and Canada","2018M03","Overseas Trips to Ireland","Thousand","158.2"
"USA and Canada","2018M03","Overseas Trips to Ireland (Seasonally Adjusted)","Thousand","191.3"
"USA and Canada","2018M04","Overseas Trips to Ireland","Thousand","178.6"
"USA and Canada","2018M04","Overseas Trips to Ireland (Seasonally Adjusted)","Thousand","201.5"
"USA and Canada","2018M05","Overseas Trips to Ireland","Thousand","234.7"
"USA and Canada","2018M05","Overseas Trips to Ireland (Seasonally Adjusted)","Thousand","189.2"
"USA and Canada","2018M06","Overseas Trips to Ireland","Thousand","275.9"
"USA and Canada","2018M06","Overseas Trips to Ireland (Seasonally Adjusted)","Thousand","184.7"
"USA and Canada","2018M07","Overseas Trips to Ireland","Thousand","299.3"
"USA and Canada","2018M07","Overseas Trips to Ireland (Seasonally Adjusted)","Thousand","200.3"
"USA and Canada","2018M08","Overseas Trips to Ireland","Thousand","286.8"
"USA and Canada","2018M08","Overseas Trips to Ireland (Seasonally Adjusted)","Thousand","200.6"
"USA and Canada","2018M09","Overseas Trips to Ireland","Thousand","261.4"
"USA and Canada","2018M09","Overseas Trips to Ireland (Seasonally Adjusted)","Thousand","203.6"
"USA and Canada","2018M10","Overseas Trips to Ireland","Thousand","228.9"
"USA and Canada","2018M10","Overseas Trips to Ireland (Seasonally Adjusted)","Thousand","213.2"
"USA and Canada","2018M11","Overseas Trips to Ireland","Thousand","144.9"
"USA and Canada","2018M11","Overseas Trips to Ireland (Seasonally Adjusted)","Thousand","212.2"
"USA and Canada","2018M12","Overseas Trips to Ireland","Thousand","141.7"
"USA and Canada","2018M12","Overseas Trips to Ireland (Seasonally Adjusted)","Thousand","215.1"
"USA and Canada","2019M01","Overseas Trips to Ireland","Thousand","105.3"
"USA and Canada","2019M01","Overseas Trips to Ireland (Seasonally Adjusted)","Thousand","204"
"USA and Canada","2019M02","Overseas Trips to Ireland","Thousand","86.8"
"USA and Canada","2019M02","Overseas Trips to Ireland (Seasonally Adjusted)","Thousand","207.5"
"USA and Canada","2019M03","Overseas Trips to Ireland","Thousand","175.2"
"USA and Canada","2019M03","Overseas Trips to Ireland (Seasonally Adjusted)","Thousand","211.7"
"USA and Canada","2019M04","Overseas Trips to Ireland","Thousand","185.2"
"USA and Canada","2019M04","Overseas Trips to Ireland (Seasonally Adjusted)","Thousand","207.3"
"USA and Canada","2019M05","Overseas Trips to Ireland","Thousand","260.1"
"USA and Canada","2019M05","Overseas Trips to Ireland (Seasonally Adjusted)","Thousand","209.8"
"USA and Canada","2019M06","Overseas Trips to Ireland","Thousand","300.9"
"USA and Canada","2019M06","Overseas Trips to Ireland (Seasonally Adjusted)","Thousand","203"
"USA and Canada","2019M07","Overseas Trips to Ireland","Thousand","291.2"
"USA and Canada","2019M07","Overseas Trips to Ireland (Seasonally Adjusted)","Thousand","196.1"
"USA and Canada","2019M08","Overseas Trips to Ireland","Thousand","282.5"
"USA and Canada","2019M08","Overseas Trips to Ireland (Seasonally Adjusted)","Thousand","197.8"
"USA and Canada","2019M09","Overseas Trips to Ireland","Thousand","250.9"
"USA and Canada","2019M09","Overseas Trips to Ireland (Seasonally Adjusted)","Thousand","195.3"
"USA and Canada","2019M10","Overseas Trips to Ireland","Thousand","208.8"
"USA and Canada","2019M10","Overseas Trips to Ireland (Seasonally Adjusted)","Thousand","193.8"
"USA and Canada","2019M11","Overseas Trips to Ireland","Thousand","131.1"
"USA and Canada","2019M11","Overseas Trips to Ireland (Seasonally Adjusted)","Thousand","191.6"
"USA and Canada","2019M12","Overseas Trips to Ireland","Thousand","134.6"
"USA and Canada","2019M12","Overseas Trips to Ireland (Seasonally Adjusted)","Thousand","202.1"
"USA and Canada","2020M01","Overseas Trips to Ireland","Thousand","108.4"
"USA and Canada","2020M01","Overseas Trips to Ireland (Seasonally Adjusted)","Thousand","209.9"
"USA and Canada","2020M02","Overseas Trips to Ireland","Thousand","81.3"
"USA and Canada","2020M02","Overseas Trips to Ireland (Seasonally Adjusted)","Thousand","194.4"
"Great Britain","2016M01","Overseas Trips to Ireland","Thousand","249.9"
"Great Britain","2016M01","Overseas Trips to Ireland (Seasonally Adjusted)","Thousand","315.8"
"Great Britain","2016M02","Overseas Trips to Ireland","Thousand","300.7"
"Great Britain","2016M02","Overseas Trips to Ireland (Seasonally Adjusted)","Thousand","355.5"
"Great Britain","2016M03","Overseas Trips to Ireland","Thousand","300.8"
"Great Britain","2016M03","Overseas Trips to Ireland (Seasonally Adjusted)","Thousand","317.1"
"Great Britain","2016M04","Overseas Trips to Ireland","Thousand","356.6"
"Great Britain","2016M04","Overseas Trips to Ireland (Seasonally Adjusted)","Thousand","341.7"
"Great Britain","2016M05","Overseas Trips to Ireland","Thousand","333"
"Great Britain","2016M05","Overseas Trips to Ireland (Seasonally Adjusted)","Thousand","311.7"
"Great Britain","2016M06","Overseas Trips to Ireland","Thousand","324"
"Great Britain","2016M06","Overseas Trips to Ireland (Seasonally Adjusted)","Thousand","328.3"
"Great Britain","2016M07","Overseas Trips to Ireland","Thousand","359.9"
"Great Britain","2016M07","Overseas Trips to Ireland (Seasonally Adjusted)","Thousand","324.3"
"Great Britain","2016M08","Overseas Trips to Ireland","Thousand","448.7"
"Great Britain","2016M08","Overseas Trips to Ireland (Seasonally Adjusted)","Thousand","347.9"
"Great Britain","2016M09","Overseas Trips to Ireland","Thousand","339.9"
"Great Britain","2016M09","Overseas Trips to Ireland (Seasonally Adjusted)","Thousand","334.6"
"Great Britain","2016M10","Overseas Trips to Ireland","Thousand","321.5"
"Great Britain","2016M10","Overseas Trips to Ireland (Seasonally Adjusted)","Thousand","310.9"
"Great Britain","2016M11","Overseas Trips to Ireland","Thousand","285.5"
"Great Britain","2016M11","Overseas Trips to Ireland (Seasonally Adjusted)","Thousand","317.6"
"Great Britain","2016M12","Overseas Trips to Ireland","Thousand","303.6"
"Great Britain","2016M12","Overseas Trips to Ireland (Seasonally Adjusted)","Thousand","318.4"
"Great Britain","2017M01","Overseas Trips to Ireland","Thousand","252.6"
"Great Britain","2017M01","Overseas Trips to Ireland (Seasonally Adjusted)","Thousand","317.5"
"Great Britain","2017M02","Overseas Trips to Ireland","Thousand","232.9"
"Great Britain","2017M02","Overseas Trips to Ireland (Seasonally Adjusted)","Thousand","287.6"
"Great Britain","2017M03","Overseas Trips to Ireland","Thousand","310.5"
"Great Britain","2017M03","Overseas Trips to Ireland (Seasonally Adjusted)","Thousand","326.9"
"Great Britain","2017M04","Overseas Trips to Ireland","Thousand","312.4"
"Great Britain","2017M04","Overseas Trips to Ireland (Seasonally Adjusted)","Thousand","297.5"
"Great Britain","2017M05","Overseas Trips to Ireland","Thousand","327.5"
"Great Britain","2017M05","Overseas Trips to Ireland (Seasonally Adjusted)","Thousand","306.3"
"Great Britain","2017M06","Overseas Trips to Ireland","Thousand","309.3"
"Great Britain","2017M06","Overseas Trips to Ireland (Seasonally Adjusted)","Thousand","312.2"
"Great Britain","2017M07","Overseas Trips to Ireland","Thousand","341.8"
"Great Britain","2017M07","Overseas Trips to Ireland (Seasonally Adjusted)","Thousand","306.7"
"Great Britain","2017M08","Overseas Trips to Ireland","Thousand","396.1"
"Great Britain","2017M08","Overseas Trips to Ireland (Seasonally Adjusted)","Thousand","299.5"
"Great Britain","2017M09","Overseas Trips to Ireland","Thousand","327.3"
"Great Britain","2017M09","Overseas Trips to Ireland (Seasonally Adjusted)","Thousand","323.8"
"Great Britain","2017M10","Overseas Trips to Ireland","Thousand","322.5"
"Great Britain","2017M10","Overseas Trips to Ireland (Seasonally Adjusted)","Thousand","311.4"
"Great Britain","2017M11","Overseas Trips to Ireland","Thousand","297.5"
"Great Britain","2017M11","Overseas Trips to Ireland (Seasonally Adjusted)","Thousand","326.6"
"Great Britain","2017M12","Overseas Trips to Ireland","Thousand","298.5"
"Great Britain","2017M12","Overseas Trips to Ireland (Seasonally Adjusted)","Thousand","313.4"
"Great Britain","2018M01","Overseas Trips to Ireland","Thousand","241.5"
"Great Britain","2018M01","Overseas Trips to Ireland (Seasonally Adjusted)","Thousand","305.2"
"Great Britain","2018M02","Overseas Trips to Ireland","Thousand","263.5"
"Great Britain","2018M02","Overseas Trips to Ireland (Seasonally Adjusted)","Thousand","318.4"
"Great Britain","2018M03","Overseas Trips to Ireland","Thousand","293.3"
"Great Britain","2018M03","Overseas Trips to Ireland (Seasonally Adjusted)","Thousand","309.8"
"Great Britain","2018M04","Overseas Trips to Ireland","Thousand","322.7"
"Great Britain","2018M04","Overseas Trips to Ireland (Seasonally Adjusted)","Thousand","307.5"
"Great Britain","2018M05","Overseas Trips to Ireland","Thousand","349.9"
"Great Britain","2018M05","Overseas Trips to Ireland (Seasonally Adjusted)","Thousand","328.2"
"Great Britain","2018M06","Overseas Trips to Ireland","Thousand","315.3"
"Great Britain","2018M06","Overseas Trips to Ireland (Seasonally Adjusted)","Thousand","317"
"Great Britain","2018M07","Overseas Trips to Ireland","Thousand","353.3"
"Great Britain","2018M07","Overseas Trips to Ireland (Seasonally Adjusted)","Thousand","317.1"
"Great Britain","2018M08","Overseas Trips to Ireland","Thousand","405"
"Great Britain","2018M08","Overseas Trips to Ireland (Seasonally Adjusted)","Thousand","312.4"
"Great Britain","2018M09","Overseas Trips to Ireland","Thousand","297.6"
"Great Britain","2018M09","Overseas Trips to Ireland (Seasonally Adjusted)","Thousand","295.5"
"Great Britain","2018M10","Overseas Trips to Ireland","Thousand","322.7"
"Great Britain","2018M10","Overseas Trips to Ireland (Seasonally Adjusted)","Thousand","311.9"
"Great Britain","2018M11","Overseas Trips to Ireland","Thousand","299.9"
"Great Britain","2018M11","Overseas Trips to Ireland (Seasonally Adjusted)","Thousand","327.8"
"Great Britain","2018M12","Overseas Trips to Ireland","Thousand","294.4"
"Great Britain","2018M12","Overseas Trips to Ireland (Seasonally Adjusted)","Thousand","309.7"
"Great Britain","2019M01","Overseas Trips to Ireland","Thousand","266.7"
"Great Britain","2019M01","Overseas Trips to Ireland (Seasonally Adjusted)","Thousand","329.2"
"Great Britain","2019M02","Overseas Trips to Ireland","Thousand","258.1"
"Great Britain","2019M02","Overseas Trips to Ireland (Seasonally Adjusted)","Thousand","312.5"
"Great Britain","2019M03","Overseas Trips to Ireland","Thousand","284.3"
"Great Britain","2019M03","Overseas Trips to Ireland (Seasonally Adjusted)","Thousand","301.4"
"Great Britain","2019M04","Overseas Trips to Ireland","Thousand","339"
"Great Britain","2019M04","Overseas Trips to Ireland (Seasonally Adjusted)","Thousand","323.3"
"Great Britain","2019M05","Overseas Trips to Ireland","Thousand","334.5"
"Great Britain","2019M05","Overseas Trips to Ireland (Seasonally Adjusted)","Thousand","311.8"
"Great Britain","2019M06","Overseas Trips to Ireland","Thousand","311.7"
"Great Britain","2019M06","Overseas Trips to Ireland (Seasonally Adjusted)","Thousand","312.2"
"Great Britain","2019M07","Overseas Trips to Ireland","Thousand","355.5"
"Great Britain","2019M07","Overseas Trips to Ireland (Seasonally Adjusted)","Thousand","318.7"
"Great Britain","2019M08","Overseas Trips to Ireland","Thousand","393.9"
"Great Britain","2019M08","Overseas Trips to Ireland (Seasonally Adjusted)","Thousand","304"
"Great Britain","2019M09","Overseas Trips to Ireland","Thousand","315.6"
"Great Britain","2019M09","Overseas Trips to Ireland (Seasonally Adjusted)","Thousand","315.1"
"Great Britain","2019M10","Overseas Trips to Ireland","Thousand","336.4"
"Great Britain","2019M10","Overseas Trips to Ireland (Seasonally Adjusted)","Thousand","326.1"
"Great Britain","2019M11","Overseas Trips to Ireland","Thousand","277.6"
"Great Britain","2019M11","Overseas Trips to Ireland (Seasonally Adjusted)","Thousand","305.5"
"Great Britain","2019M12","Overseas Trips to Ireland","Thousand","314.3"
"Great Britain","2019M12","Overseas Trips to Ireland (Seasonally Adjusted)","Thousand","329.5"
"Great Britain","2020M01","Overseas Trips to Ireland","Thousand","266.9"
"Great Britain","2020M01","Overseas Trips to Ireland (Seasonally Adjusted)","Thousand","328.1"
"Great Britain","2020M02","Overseas Trips to Ireland","Thousand","282.1"
"Great Britain","2020M02","Overseas Trips to Ireland (Seasonally Adjusted)","Thousand","336.3"
"Other Europe (27)","2016M01","Overseas Trips to Ireland","Thousand","165.2"
"Other Europe (27)","2016M01","Overseas Trips to Ireland (Seasonally Adjusted)","Thousand","264.1"
"Other Europe (27)","2016M02","Overseas Trips to Ireland","Thousand","186"
"Other Europe (27)","2016M02","Overseas Trips to Ireland (Seasonally Adjusted)","Thousand","280.1"
"Other Europe (27)","2016M03","Overseas Trips to Ireland","Thousand","248.4"
"Other Europe (27)","2016M03","Overseas Trips to Ireland (Seasonally Adjusted)","Thousand","275.3"
"Other Europe (27)","2016M04","Overseas Trips to Ireland","Thousand","291.3"
"Other Europe (27)","2016M04","Overseas Trips to Ireland (Seasonally Adjusted)","Thousand","268"
"Other Europe (27)","2016M05","Overseas Trips to Ireland","Thousand","321.9"
"Other Europe (27)","2016M05","Overseas Trips to Ireland (Seasonally Adjusted)","Thousand","268.9"
"Other Europe (27)","2016M06","Overseas Trips to Ireland","Thousand","315.3"
"Other Europe (27)","2016M06","Overseas Trips to Ireland (Seasonally Adjusted)","Thousand","273.7"
"Other Europe (27)","2016M07","Overseas Trips to Ireland","Thousand","383.1"
"Other Europe (27)","2016M07","Overseas Trips to Ireland (Seasonally Adjusted)","Thousand","289.6"
"Other Europe (27)","2016M08","Overseas Trips to Ireland","Thousand","397.8"
"Other Europe (27)","2016M08","Overseas Trips to Ireland (Seasonally Adjusted)","Thousand","293.7"
"Other Europe (27)","2016M09","Overseas Trips to Ireland","Thousand","304.4"
"Other Europe (27)","2016M09","Overseas Trips to Ireland (Seasonally Adjusted)","Thousand","277"
"Other Europe (27)","2016M10","Overseas Trips to Ireland","Thousand","276.8"
"Other Europe (27)","2016M10","Overseas Trips to Ireland (Seasonally Adjusted)","Thousand","266.6"
"Other Europe (27)","2016M11","Overseas Trips to Ireland","Thousand","206.1"
"Other Europe (27)","2016M11","Overseas Trips to Ireland (Seasonally Adjusted)","Thousand","266.4"
"Other Europe (27)","2016M12","Overseas Trips to Ireland","Thousand","205.8"
"Other Europe (27)","2016M12","Overseas Trips to Ireland (Seasonally Adjusted)","Thousand","277.5"
"Other Europe (27)","2017M01","Overseas Trips to Ireland","Thousand","176.6"
"Other Europe (27)","2017M01","Overseas Trips to Ireland (Seasonally Adjusted)","Thousand","276"
"Other Europe (27)","2017M02","Overseas Trips to Ireland","Thousand","170.9"
"Other Europe (27)","2017M02","Overseas Trips to Ireland (Seasonally Adjusted)","Thousand","272"
"Other Europe (27)","2017M03","Overseas Trips to Ireland","Thousand","248.5"
"Other Europe (27)","2017M03","Overseas Trips to Ireland (Seasonally Adjusted)","Thousand","279.6"
"Other Europe (27)","2017M04","Overseas Trips to Ireland","Thousand","322.4"
"Other Europe (27)","2017M04","Overseas Trips to Ireland (Seasonally Adjusted)","Thousand","290.9"
"Other Europe (27)","2017M05","Overseas Trips to Ireland","Thousand","342.9"
"Other Europe (27)","2017M05","Overseas Trips to Ireland (Seasonally Adjusted)","Thousand","289"
"Other Europe (27)","2017M06","Overseas Trips to Ireland","Thousand","356.7"
"Other Europe (27)","2017M06","Overseas Trips to Ireland (Seasonally Adjusted)","Thousand","313.2"
"Other Europe (27)","2017M07","Overseas Trips to Ireland","Thousand","375.9"
"Other Europe (27)","2017M07","Overseas Trips to Ireland (Seasonally Adjusted)","Thousand","281.3"
"Other Europe (27)","2017M08","Overseas Trips to Ireland","Thousand","389.6"
"Other Europe (27)","2017M08","Overseas Trips to Ireland (Seasonally Adjusted)","Thousand","284.7"
"Other Europe (27)","2017M09","Overseas Trips to Ireland","Thousand","321.4"
"Other Europe (27)","2017M09","Overseas Trips to Ireland (Seasonally Adjusted)","Thousand","294.8"
"Other Europe (27)","2017M10","Overseas Trips to Ireland","Thousand","311.8"
"Other Europe (27)","2017M10","Overseas Trips to Ireland (Seasonally Adjusted)","Thousand","301"
"Other Europe (27)","2017M11","Overseas Trips to Ireland","Thousand","250.9"
"Other Europe (27)","2017M11","Overseas Trips to Ireland (Seasonally Adjusted)","Thousand","309.1"
"Other Europe (27)","2017M12","Overseas Trips to Ireland","Thousand","214.9"
"Other Europe (27)","2017M12","Overseas Trips to Ireland (Seasonally Adjusted)","Thousand","288.4"
"Other Europe (27)","2018M01","Overseas Trips to Ireland","Thousand","206.5"
"Other Europe (27)","2018M01","Overseas Trips to Ireland (Seasonally Adjusted)","Thousand","305.2"
"Other Europe (27)","2018M02","Overseas Trips to Ireland","Thousand","202.1"
"Other Europe (27)","2018M02","Overseas Trips to Ireland (Seasonally Adjusted)","Thousand","309.6"
"Other Europe (27)","2018M03","Overseas Trips to Ireland","Thousand","269.7"
"Other Europe (27)","2018M03","Overseas Trips to Ireland (Seasonally Adjusted)","Thousand","304.9"
"Other Europe (27)","2018M04","Overseas Trips to Ireland","Thousand","352.9"
"Other Europe (27)","2018M04","Overseas Trips to Ireland (Seasonally Adjusted)","Thousand","316.2"
"Other Europe (27)","2018M05","Overseas Trips to Ireland","Thousand","385.3"
"Other Europe (27)","2018M05","Overseas Trips to Ireland (Seasonally Adjusted)","Thousand","331.1"
"Other Europe (27)","2018M06","Overseas Trips to Ireland","Thousand","366.3"
"Other Europe (27)","2018M06","Overseas Trips to Ireland (Seasonally Adjusted)","Thousand","320.3"
"Other Europe (27)","2018M07","Overseas Trips to Ireland","Thousand","422.8"
"Other Europe (27)","2018M07","Overseas Trips to Ireland (Seasonally Adjusted)","Thousand","326.7"
"Other Europe (27)","2018M08","Overseas Trips to Ireland","Thousand","427.2"
"Other Europe (27)","2018M08","Overseas Trips to Ireland (Seasonally Adjusted)","Thousand","323.7"
"Other Europe (27)","2018M09","Overseas Trips to Ireland","Thousand","343.5"
"Other Europe (27)","2018M09","Overseas Trips to Ireland (Seasonally Adjusted)","Thousand","318.6"
"Other Europe (27)","2018M10","Overseas Trips to Ireland","Thousand","328.6"
"Other Europe (27)","2018M10","Overseas Trips to Ireland (Seasonally Adjusted)","Thousand","315.6"
"Other Europe (27)","2018M11","Overseas Trips to Ireland","Thousand","257.6"
"Other Europe (27)","2018M11","Overseas Trips to Ireland (Seasonally Adjusted)","Thousand","317.6"
"Other Europe (27)","2018M12","Overseas Trips to Ireland","Thousand","250.4"
"Other Europe (27)","2018M12","Overseas Trips to Ireland (Seasonally Adjusted)","Thousand","321.3"
"Other Europe (27)","2019M01","Overseas Trips to Ireland","Thousand","231.6"
"Other Europe (27)","2019M01","Overseas Trips to Ireland (Seasonally Adjusted)","Thousand","329.2"
"Other Europe (27)","2019M02","Overseas Trips to Ireland","Thousand","208.9"
"Other Europe (27)","2019M02","Overseas Trips to Ireland (Seasonally Adjusted)","Thousand","321.4"
"Other Europe (27)","2019M03","Overseas Trips to Ireland","Thousand","289.5"
"Other Europe (27)","2019M03","Overseas Trips to Ireland (Seasonally Adjusted)","Thousand","325.3"
"Other Europe (27)","2019M04","Overseas Trips to Ireland","Thousand","364.6"
"Other Europe (27)","2019M04","Overseas Trips to Ireland (Seasonally Adjusted)","Thousand","325.3"
"Other Europe (27)","2019M05","Overseas Trips to Ireland","Thousand","367.4"
"Other Europe (27)","2019M05","Overseas Trips to Ireland (Seasonally Adjusted)","Thousand","313"
"Other Europe (27)","2019M06","Overseas Trips to Ireland","Thousand","372.8"
"Other Europe (27)","2019M06","Overseas Trips to Ireland (Seasonally Adjusted)","Thousand","325.6"
"Other Europe (27)","2019M07","Overseas Trips to Ireland","Thousand","419.7"
"Other Europe (27)","2019M07","Overseas Trips to Ireland (Seasonally Adjusted)","Thousand","325.1"
"Other Europe (27)","2019M08","Overseas Trips to Ireland","Thousand","427.9"
"Other Europe (27)","2019M08","Overseas Trips to Ireland (Seasonally Adjusted)","Thousand","325.7"
"Other Europe (27)","2019M09","Overseas Trips to Ireland","Thousand","355.7"
"Other Europe (27)","2019M09","Overseas Trips to Ireland (Seasonally Adjusted)","Thousand","331.5"
"Other Europe (27)","2019M10","Overseas Trips to Ireland","Thousand","355.9"
"Other Europe (27)","2019M10","Overseas Trips to Ireland (Seasonally Adjusted)","Thousand","341.5"
"Other Europe (27)","2019M11","Overseas Trips to Ireland","Thousand","240"
"Other Europe (27)","2019M11","Overseas Trips to Ireland (Seasonally Adjusted)","Thousand","299.9"
"Other Europe (27)","2019M12","Overseas Trips to Ireland","Thousand","276.1"
"Other Europe (27)","2019M12","Overseas Trips to Ireland (Seasonally Adjusted)","Thousand","343.2"
"Other Europe (27)","2020M01","Overseas Trips to Ireland","Thousand","232"
"Other Europe (27)","2020M01","Overseas Trips to Ireland (Seasonally Adjusted)","Thousand","331"
"Other Europe (27)","2020M02","Overseas Trips to Ireland","Thousand","217.8"
"Other Europe (27)","2020M02","Overseas Trips to Ireland (Seasonally Adjusted)","Thousand","332.9"
"Other Areas  (27)","2016M01","Overseas Trips to Ireland","Thousand","36.1"
"Other Areas  (27)","2016M01","Overseas Trips to Ireland (Seasonally Adjusted)","Thousand","43.7"
"Other Areas  (27)","2016M02","Overseas Trips to Ireland","Thousand","22.2"
"Other Areas  (27)","2016M02","Overseas Trips to Ireland (Seasonally Adjusted)","Thousand","42.9"
"Other Areas  (27)","2016M03","Overseas Trips to Ireland","Thousand","37.1"
"Other Areas  (27)","2016M03","Overseas Trips to Ireland (Seasonally Adjusted)","Thousand","48.9"
"Other Areas  (27)","2016M04","Overseas Trips to Ireland","Thousand","34.6"
"Other Areas  (27)","2016M04","Overseas Trips to Ireland (Seasonally Adjusted)","Thousand","44.1"
"Other Areas  (27)","2016M05","Overseas Trips to Ireland","Thousand","44.8"
"Other Areas  (27)","2016M05","Overseas Trips to Ireland (Seasonally Adjusted)","Thousand","42.8"
"Other Areas  (27)","2016M06","Overseas Trips to Ireland","Thousand","57.2"
"Other Areas  (27)","2016M06","Overseas Trips to Ireland (Seasonally Adjusted)","Thousand","44.6"
"Other Areas  (27)","2016M07","Overseas Trips to Ireland","Thousand","68.7"
"Other Areas  (27)","2016M07","Overseas Trips to Ireland (Seasonally Adjusted)","Thousand","46"
"Other Areas  (27)","2016M08","Overseas Trips to Ireland","Thousand","65.8"
"Other Areas  (27)","2016M08","Overseas Trips to Ireland (Seasonally Adjusted)","Thousand","44.1"
"Other Areas  (27)","2016M09","Overseas Trips to Ireland","Thousand","55.7"
"Other Areas  (27)","2016M09","Overseas Trips to Ireland (Seasonally Adjusted)","Thousand","45.3"
"Other Areas  (27)","2016M10","Overseas Trips to Ireland","Thousand","45.3"
"Other Areas  (27)","2016M10","Overseas Trips to Ireland (Seasonally Adjusted)","Thousand","48.6"
"Other Areas  (27)","2016M11","Overseas Trips to Ireland","Thousand","36"
"Other Areas  (27)","2016M11","Overseas Trips to Ireland (Seasonally Adjusted)","Thousand","49.7"
"Other Areas  (27)","2016M12","Overseas Trips to Ireland","Thousand","46.4"
"Other Areas  (27)","2016M12","Overseas Trips to Ireland (Seasonally Adjusted)","Thousand","49.1"
"Other Areas  (27)","2017M01","Overseas Trips to Ireland","Thousand","43.9"
"Other Areas  (27)","2017M01","Overseas Trips to Ireland (Seasonally Adjusted)","Thousand","51.3"
"Other Areas  (27)","2017M02","Overseas Trips to Ireland","Thousand","32.7"
"Other Areas  (27)","2017M02","Overseas Trips to Ireland (Seasonally Adjusted)","Thousand","53.5"
"Other Areas  (27)","2017M03","Overseas Trips to Ireland","Thousand","34.1"
"Other Areas  (27)","2017M03","Overseas Trips to Ireland (Seasonally Adjusted)","Thousand","51.7"
"Other Areas  (27)","2017M04","Overseas Trips to Ireland","Thousand","42.8"
"Other Areas  (27)","2017M04","Overseas Trips to Ireland (Seasonally Adjusted)","Thousand","49.5"
"Other Areas  (27)","2017M05","Overseas Trips to Ireland","Thousand","59.3"
"Other Areas  (27)","2017M05","Overseas Trips to Ireland (Seasonally Adjusted)","Thousand","58.2"
"Other Areas  (27)","2017M06","Overseas Trips to Ireland","Thousand","67.1"
"Other Areas  (27)","2017M06","Overseas Trips to Ireland (Seasonally Adjusted)","Thousand","53"
"Other Areas  (27)","2017M07","Overseas Trips to Ireland","Thousand","73.4"
"Other Areas  (27)","2017M07","Overseas Trips to Ireland (Seasonally Adjusted)","Thousand","48.1"
"Other Areas  (27)","2017M08","Overseas Trips to Ireland","Thousand","75.2"
"Other Areas  (27)","2017M08","Overseas Trips to Ireland (Seasonally Adjusted)","Thousand","50.8"
"Other Areas  (27)","2017M09","Overseas Trips to Ireland","Thousand","62.4"
"Other Areas  (27)","2017M09","Overseas Trips to Ireland (Seasonally Adjusted)","Thousand","52.6"
"Other Areas  (27)","2017M10","Overseas Trips to Ireland","Thousand","45.6"
"Other Areas  (27)","2017M10","Overseas Trips to Ireland (Seasonally Adjusted)","Thousand","48.7"
"Other Areas  (27)","2017M11","Overseas Trips to Ireland","Thousand","33"
"Other Areas  (27)","2017M11","Overseas Trips to Ireland (Seasonally Adjusted)","Thousand","48.7"
"Other Areas  (27)","2017M12","Overseas Trips to Ireland","Thousand","49.7"
"Other Areas  (27)","2017M12","Overseas Trips to Ireland (Seasonally Adjusted)","Thousand","52.7"
"Other Areas  (27)","2018M01","Overseas Trips to Ireland","Thousand","43.6"
"Other Areas  (27)","2018M01","Overseas Trips to Ireland (Seasonally Adjusted)","Thousand","52.1"
"Other Areas  (27)","2018M02","Overseas Trips to Ireland","Thousand","30.1"
"Other Areas  (27)","2018M02","Overseas Trips to Ireland (Seasonally Adjusted)","Thousand","51.1"
"Other Areas  (27)","2018M03","Overseas Trips to Ireland","Thousand","38.7"
"Other Areas  (27)","2018M03","Overseas Trips to Ireland (Seasonally Adjusted)","Thousand","54.1"
"Other Areas  (27)","2018M04","Overseas Trips to Ireland","Thousand","45.7"
"Other Areas  (27)","2018M04","Overseas Trips to Ireland (Seasonally Adjusted)","Thousand","56.5"
"Other Areas  (27)","2018M05","Overseas Trips to Ireland","Thousand","55.8"
"Other Areas  (27)","2018M05","Overseas Trips to Ireland (Seasonally Adjusted)","Thousand","54.3"
"Other Areas  (27)","2018M06","Overseas Trips to Ireland","Thousand","69"
"Other Areas  (27)","2018M06","Overseas Trips to Ireland (Seasonally Adjusted)","Thousand","54"
"Other Areas  (27)","2018M07","Overseas Trips to Ireland","Thousand","85.2"
"Other Areas  (27)","2018M07","Overseas Trips to Ireland (Seasonally Adjusted)","Thousand","57.5"
"Other Areas  (27)","2018M08","Overseas Trips to Ireland","Thousand","83.2"
"Other Areas  (27)","2018M08","Overseas Trips to Ireland (Seasonally Adjusted)","Thousand","57.9"
"Other Areas  (27)","2018M09","Overseas Trips to Ireland","Thousand","65.7"
"Other Areas  (27)","2018M09","Overseas Trips to Ireland (Seasonally Adjusted)","Thousand","55.9"
"Other Areas  (27)","2018M10","Overseas Trips to Ireland","Thousand","53.4"
"Other Areas  (27)","2018M10","Overseas Trips to Ireland (Seasonally Adjusted)","Thousand","56.8"
"Other Areas  (27)","2018M11","Overseas Trips to Ireland","Thousand","38.6"
"Other Areas  (27)","2018M11","Overseas Trips to Ireland (Seasonally Adjusted)","Thousand","55.6"
"Other Areas  (27)","2018M12","Overseas Trips to Ireland","Thousand","51.8"
"Other Areas  (27)","2018M12","Overseas Trips to Ireland (Seasonally Adjusted)","Thousand","54.5"
"Other Areas  (27)","2019M01","Overseas Trips to Ireland","Thousand","47.7"
"Other Areas  (27)","2019M01","Overseas Trips to Ireland (Seasonally Adjusted)","Thousand","56.3"
"Other Areas  (27)","2019M02","Overseas Trips to Ireland","Thousand","36.9"
"Other Areas  (27)","2019M02","Overseas Trips to Ireland (Seasonally Adjusted)","Thousand","57.7"
"Other Areas  (27)","2019M03","Overseas Trips to Ireland","Thousand","35.6"
"Other Areas  (27)","2019M03","Overseas Trips to Ireland (Seasonally Adjusted)","Thousand","56.2"
"Other Areas  (27)","2019M04","Overseas Trips to Ireland","Thousand","49.4"
"Other Areas  (27)","2019M04","Overseas Trips to Ireland (Seasonally Adjusted)","Thousand","57.3"
"Other Areas  (27)","2019M05","Overseas Trips to Ireland","Thousand","59.7"
"Other Areas  (27)","2019M05","Overseas Trips to Ireland (Seasonally Adjusted)","Thousand","59.1"
"Other Areas  (27)","2019M06","Overseas Trips to Ireland","Thousand","76.4"
"Other Areas  (27)","2019M06","Overseas Trips to Ireland (Seasonally Adjusted)","Thousand","60"
"Other Areas  (27)","2019M07","Overseas Trips to Ireland","Thousand","88.7"
"Other Areas  (27)","2019M07","Overseas Trips to Ireland (Seasonally Adjusted)","Thousand","60.1"
"Other Areas  (27)","2019M08","Overseas Trips to Ireland","Thousand","86.3"
"Other Areas  (27)","2019M08","Overseas Trips to Ireland (Seasonally Adjusted)","Thousand","59.1"
"Other Areas  (27)","2019M09","Overseas Trips to Ireland","Thousand","66.4"
"Other Areas  (27)","2019M09","Overseas Trips to Ireland (Seasonally Adjusted)","Thousand","57.3"
"Other Areas  (27)","2019M10","Overseas Trips to Ireland","Thousand","55.7"
"Other Areas  (27)","2019M10","Overseas Trips to Ireland (Seasonally Adjusted)","Thousand","58.4"
"Other Areas  (27)","2019M11","Overseas Trips to Ireland","Thousand","40"
"Other Areas  (27)","2019M11","Overseas Trips to Ireland (Seasonally Adjusted)","Thousand","57.7"
"Other Areas  (27)","2019M12","Overseas Trips to Ireland","Thousand","54.2"
"Other Areas  (27)","2019M12","Overseas Trips to Ireland (Seasonally Adjusted)","Thousand","57.1"
"Other Areas  (27)","2020M01","Overseas Trips to Ireland","Thousand","47.2"
"Other Areas  (27)","2020M01","Overseas Trips to Ireland (Seasonally Adjusted)","Thousand","57.1"
"Other Areas  (27)","2020M02","Overseas Trips to Ireland","Thousand","33.9"
"Other Areas  (27)","2020M02","Overseas Trips to Ireland (Seasonally Adjusted)","Thousand","74.8"
