"STATISTIC Label","Quarter","Region Visited","UNIT","VALUE"
"Estimated Expenditure by Irish Residents on Domestic Travel","2000Q1","State","Thousand","113.8"
"Estimated Expenditure by Irish Residents on Domestic Travel","2000Q1","Border, Midland and Western","Thousand",""
"Estimated Expenditure by Irish Residents on Domestic Travel","2000Q1","Border","Thousand","12.7"
"Estimated Expenditure by Irish Residents on Domestic Travel","2000Q1","Midland","Thousand","2"
"Estimated Expenditure by Irish Residents on Domestic Travel","2000Q1","West","Thousand","22.1"
"Estimated Expenditure by Irish Residents on Domestic Travel","2000Q1","Southern and Eastern","Thousand",""
"Estimated Expenditure by Irish Residents on Domestic Travel","2000Q1","Dublin","Thousand","18.9"
"Estimated Expenditure by Irish Residents on Domestic Travel","2000Q1","Mid-East","Thousand","3.2"
"Estimated Expenditure by Irish Residents on Domestic Travel","2000Q1","Mid-West","Thousand","14.6"
"Estimated Expenditure by Irish Residents on Domestic Travel","2000Q1","South-East","Thousand","14.7"
"Estimated Expenditure by Irish Residents on Domestic Travel","2000Q1","South-West","Thousand","25.6"
"Estimated Expenditure by Irish Residents on Domestic Travel","2000Q2","State","Thousand","155.7"
"Estimated Expenditure by Irish Residents on Domestic Travel","2000Q2","Border, Midland and Western","Thousand",""
"Estimated Expenditure by Irish Residents on Domestic Travel","2000Q2","Border","Thousand","15.6"
"Estimated Expenditure by Irish Residents on Domestic Travel","2000Q2","Midland","Thousand","3.3"
"Estimated Expenditure by Irish Residents on Domestic Travel","2000Q2","West","Thousand","38.5"
"Estimated Expenditure by Irish Residents on Domestic Travel","2000Q2","Southern and Eastern","Thousand",""
"Estimated Expenditure by Irish Residents on Domestic Travel","2000Q2","Dublin","Thousand","21.8"
"Estimated Expenditure by Irish Residents on Domestic Travel","2000Q2","Mid-East","Thousand","3"
"Estimated Expenditure by Irish Residents on Domestic Travel","2000Q2","Mid-West","Thousand","12.2"
"Estimated Expenditure by Irish Residents on Domestic Travel","2000Q2","South-East","Thousand","22.6"
"Estimated Expenditure by Irish Residents on Domestic Travel","2000Q2","South-West","Thousand","38.7"
"Estimated Expenditure by Irish Residents on Domestic Travel","2000Q3","State","Thousand","286.2"
"Estimated Expenditure by Irish Residents on Domestic Travel","2000Q3","Border, Midland and Western","Thousand",""
"Estimated Expenditure by Irish Residents on Domestic Travel","2000Q3","Border","Thousand","32.9"
"Estimated Expenditure by Irish Residents on Domestic Travel","2000Q3","Midland","Thousand","4.8"
"Estimated Expenditure by Irish Residents on Domestic Travel","2000Q3","West","Thousand","62.3"
"Estimated Expenditure by Irish Residents on Domestic Travel","2000Q3","Southern and Eastern","Thousand",""
"Estimated Expenditure by Irish Residents on Domestic Travel","2000Q3","Dublin","Thousand","15.6"
"Estimated Expenditure by Irish Residents on Domestic Travel","2000Q3","Mid-East","Thousand","9.7"
"Estimated Expenditure by Irish Residents on Domestic Travel","2000Q3","Mid-West","Thousand","29.9"
"Estimated Expenditure by Irish Residents on Domestic Travel","2000Q3","South-East","Thousand","45.2"
"Estimated Expenditure by Irish Residents on Domestic Travel","2000Q3","South-West","Thousand","85.8"
"Estimated Expenditure by Irish Residents on Domestic Travel","2000Q4","State","Thousand","150.9"
"Estimated Expenditure by Irish Residents on Domestic Travel","2000Q4","Border, Midland and Western","Thousand",""
"Estimated Expenditure by Irish Residents on Domestic Travel","2000Q4","Border","Thousand","12.4"
"Estimated Expenditure by Irish Residents on Domestic Travel","2000Q4","Midland","Thousand","2.6"
"Estimated Expenditure by Irish Residents on Domestic Travel","2000Q4","West","Thousand","31.9"
"Estimated Expenditure by Irish Residents on Domestic Travel","2000Q4","Southern and Eastern","Thousand",""
"Estimated Expenditure by Irish Residents on Domestic Travel","2000Q4","Dublin","Thousand","26.5"
"Estimated Expenditure by Irish Residents on Domestic Travel","2000Q4","Mid-East","Thousand","6.2"
"Estimated Expenditure by Irish Residents on Domestic Travel","2000Q4","Mid-West","Thousand","13.2"
"Estimated Expenditure by Irish Residents on Domestic Travel","2000Q4","South-East","Thousand","17.4"
"Estimated Expenditure by Irish Residents on Domestic Travel","2000Q4","South-West","Thousand","40.7"
"Estimated Expenditure by Irish Residents on Domestic Travel","2001Q1","State","Thousand","147.5"
"Estimated Expenditure by Irish Residents on Domestic Travel","2001Q1","Border, Midland and Western","Thousand",""
"Estimated Expenditure by Irish Residents on Domestic Travel","2001Q1","Border","Thousand","15.5"
"Estimated Expenditure by Irish Residents on Domestic Travel","2001Q1","Midland","Thousand","4.5"
"Estimated Expenditure by Irish Residents on Domestic Travel","2001Q1","West","Thousand","29.9"
"Estimated Expenditure by Irish Residents on Domestic Travel","2001Q1","Southern and Eastern","Thousand",""
"Estimated Expenditure by Irish Residents on Domestic Travel","2001Q1","Dublin","Thousand","30.4"
"Estimated Expenditure by Irish Residents on Domestic Travel","2001Q1","Mid-East","Thousand","5.9"
"Estimated Expenditure by Irish Residents on Domestic Travel","2001Q1","Mid-West","Thousand","18"
"Estimated Expenditure by Irish Residents on Domestic Travel","2001Q1","South-East","Thousand","17"
"Estimated Expenditure by Irish Residents on Domestic Travel","2001Q1","South-West","Thousand","26.3"
"Estimated Expenditure by Irish Residents on Domestic Travel","2001Q2","State","Thousand","159.2"
"Estimated Expenditure by Irish Residents on Domestic Travel","2001Q2","Border, Midland and Western","Thousand",""
"Estimated Expenditure by Irish Residents on Domestic Travel","2001Q2","Border","Thousand","11.7"
"Estimated Expenditure by Irish Residents on Domestic Travel","2001Q2","Midland","Thousand","5.4"
"Estimated Expenditure by Irish Residents on Domestic Travel","2001Q2","West","Thousand","32.5"
"Estimated Expenditure by Irish Residents on Domestic Travel","2001Q2","Southern and Eastern","Thousand",""
"Estimated Expenditure by Irish Residents on Domestic Travel","2001Q2","Dublin","Thousand","14.7"
"Estimated Expenditure by Irish Residents on Domestic Travel","2001Q2","Mid-East","Thousand","4.9"
"Estimated Expenditure by Irish Residents on Domestic Travel","2001Q2","Mid-West","Thousand","18.6"
"Estimated Expenditure by Irish Residents on Domestic Travel","2001Q2","South-East","Thousand","26.2"
"Estimated Expenditure by Irish Residents on Domestic Travel","2001Q2","South-West","Thousand","45.2"
"Estimated Expenditure by Irish Residents on Domestic Travel","2001Q3","State","Thousand","373.6"
"Estimated Expenditure by Irish Residents on Domestic Travel","2001Q3","Border, Midland and Western","Thousand",""
"Estimated Expenditure by Irish Residents on Domestic Travel","2001Q3","Border","Thousand","45.7"
"Estimated Expenditure by Irish Residents on Domestic Travel","2001Q3","Midland","Thousand","6.2"
"Estimated Expenditure by Irish Residents on Domestic Travel","2001Q3","West","Thousand","78.6"
"Estimated Expenditure by Irish Residents on Domestic Travel","2001Q3","Southern and Eastern","Thousand",""
"Estimated Expenditure by Irish Residents on Domestic Travel","2001Q3","Dublin","Thousand","28.4"
"Estimated Expenditure by Irish Residents on Domestic Travel","2001Q3","Mid-East","Thousand","10.3"
"Estimated Expenditure by Irish Residents on Domestic Travel","2001Q3","Mid-West","Thousand","35.8"
"Estimated Expenditure by Irish Residents on Domestic Travel","2001Q3","South-East","Thousand","66.5"
"Estimated Expenditure by Irish Residents on Domestic Travel","2001Q3","South-West","Thousand","102.1"
"Estimated Expenditure by Irish Residents on Domestic Travel","2001Q4","State","Thousand","199.6"
"Estimated Expenditure by Irish Residents on Domestic Travel","2001Q4","Border, Midland and Western","Thousand",""
"Estimated Expenditure by Irish Residents on Domestic Travel","2001Q4","Border","Thousand","18.5"
"Estimated Expenditure by Irish Residents on Domestic Travel","2001Q4","Midland","Thousand","7.8"
"Estimated Expenditure by Irish Residents on Domestic Travel","2001Q4","West","Thousand","46.9"
"Estimated Expenditure by Irish Residents on Domestic Travel","2001Q4","Southern and Eastern","Thousand",""
"Estimated Expenditure by Irish Residents on Domestic Travel","2001Q4","Dublin","Thousand","35"
"Estimated Expenditure by Irish Residents on Domestic Travel","2001Q4","Mid-East","Thousand","5.3"
"Estimated Expenditure by Irish Residents on Domestic Travel","2001Q4","Mid-West","Thousand","14.9"
"Estimated Expenditure by Irish Residents on Domestic Travel","2001Q4","South-East","Thousand","26"
"Estimated Expenditure by Irish Residents on Domestic Travel","2001Q4","South-West","Thousand","45.2"
"Estimated Expenditure by Irish Residents on Domestic Travel","2002Q1","State","Thousand","163.8"
"Estimated Expenditure by Irish Residents on Domestic Travel","2002Q1","Border, Midland and Western","Thousand",""
"Estimated Expenditure by Irish Residents on Domestic Travel","2002Q1","Border","Thousand","16.5"
"Estimated Expenditure by Irish Residents on Domestic Travel","2002Q1","Midland","Thousand","6.8"
"Estimated Expenditure by Irish Residents on Domestic Travel","2002Q1","West","Thousand","31.7"
"Estimated Expenditure by Irish Residents on Domestic Travel","2002Q1","Southern and Eastern","Thousand",""
"Estimated Expenditure by Irish Residents on Domestic Travel","2002Q1","Dublin","Thousand","28.7"
"Estimated Expenditure by Irish Residents on Domestic Travel","2002Q1","Mid-East","Thousand","7.1"
"Estimated Expenditure by Irish Residents on Domestic Travel","2002Q1","Mid-West","Thousand","19.6"
"Estimated Expenditure by Irish Residents on Domestic Travel","2002Q1","South-East","Thousand","19.1"
"Estimated Expenditure by Irish Residents on Domestic Travel","2002Q1","South-West","Thousand","34.3"
"Estimated Expenditure by Irish Residents on Domestic Travel","2002Q2","State","Thousand","182.3"
"Estimated Expenditure by Irish Residents on Domestic Travel","2002Q2","Border, Midland and Western","Thousand",""
"Estimated Expenditure by Irish Residents on Domestic Travel","2002Q2","Border","Thousand","17.1"
"Estimated Expenditure by Irish Residents on Domestic Travel","2002Q2","Midland","Thousand","6.6"
"Estimated Expenditure by Irish Residents on Domestic Travel","2002Q2","West","Thousand","39.7"
"Estimated Expenditure by Irish Residents on Domestic Travel","2002Q2","Southern and Eastern","Thousand",""
"Estimated Expenditure by Irish Residents on Domestic Travel","2002Q2","Dublin","Thousand","20.3"
"Estimated Expenditure by Irish Residents on Domestic Travel","2002Q2","Mid-East","Thousand","6.7"
"Estimated Expenditure by Irish Residents on Domestic Travel","2002Q2","Mid-West","Thousand","18.5"
"Estimated Expenditure by Irish Residents on Domestic Travel","2002Q2","South-East","Thousand","27.5"
"Estimated Expenditure by Irish Residents on Domestic Travel","2002Q2","South-West","Thousand","45.9"
"Estimated Expenditure by Irish Residents on Domestic Travel","2002Q3","State","Thousand","298.7"
"Estimated Expenditure by Irish Residents on Domestic Travel","2002Q3","Border, Midland and Western","Thousand",""
"Estimated Expenditure by Irish Residents on Domestic Travel","2002Q3","Border","Thousand","32.3"
"Estimated Expenditure by Irish Residents on Domestic Travel","2002Q3","Midland","Thousand","4.1"
"Estimated Expenditure by Irish Residents on Domestic Travel","2002Q3","West","Thousand","64.2"
"Estimated Expenditure by Irish Residents on Domestic Travel","2002Q3","Southern and Eastern","Thousand",""
"Estimated Expenditure by Irish Residents on Domestic Travel","2002Q3","Dublin","Thousand","20.4"
"Estimated Expenditure by Irish Residents on Domestic Travel","2002Q3","Mid-East","Thousand","8.7"
"Estimated Expenditure by Irish Residents on Domestic Travel","2002Q3","Mid-West","Thousand","29"
"Estimated Expenditure by Irish Residents on Domestic Travel","2002Q3","South-East","Thousand","52.7"
"Estimated Expenditure by Irish Residents on Domestic Travel","2002Q3","South-West","Thousand","87.3"
"Estimated Expenditure by Irish Residents on Domestic Travel","2002Q4","State","Thousand","204.6"
"Estimated Expenditure by Irish Residents on Domestic Travel","2002Q4","Border, Midland and Western","Thousand",""
"Estimated Expenditure by Irish Residents on Domestic Travel","2002Q4","Border","Thousand","14.4"
"Estimated Expenditure by Irish Residents on Domestic Travel","2002Q4","Midland","Thousand","8"
"Estimated Expenditure by Irish Residents on Domestic Travel","2002Q4","West","Thousand","38.5"
"Estimated Expenditure by Irish Residents on Domestic Travel","2002Q4","Southern and Eastern","Thousand",""
"Estimated Expenditure by Irish Residents on Domestic Travel","2002Q4","Dublin","Thousand","35.6"
"Estimated Expenditure by Irish Residents on Domestic Travel","2002Q4","Mid-East","Thousand","11.6"
"Estimated Expenditure by Irish Residents on Domestic Travel","2002Q4","Mid-West","Thousand","15.5"
"Estimated Expenditure by Irish Residents on Domestic Travel","2002Q4","South-East","Thousand","33.2"
"Estimated Expenditure by Irish Residents on Domestic Travel","2002Q4","South-West","Thousand","47.8"
"Estimated Expenditure by Irish Residents on Domestic Travel","2003Q1","State","Thousand","184"
"Estimated Expenditure by Irish Residents on Domestic Travel","2003Q1","Border, Midland and Western","Thousand",""
"Estimated Expenditure by Irish Residents on Domestic Travel","2003Q1","Border","Thousand","15.9"
"Estimated Expenditure by Irish Residents on Domestic Travel","2003Q1","Midland","Thousand","5.6"
"Estimated Expenditure by Irish Residents on Domestic Travel","2003Q1","West","Thousand","41.6"
"Estimated Expenditure by Irish Residents on Domestic Travel","2003Q1","Southern and Eastern","Thousand",""
"Estimated Expenditure by Irish Residents on Domestic Travel","2003Q1","Dublin","Thousand","25.5"
"Estimated Expenditure by Irish Residents on Domestic Travel","2003Q1","Mid-East","Thousand","9.1"
"Estimated Expenditure by Irish Residents on Domestic Travel","2003Q1","Mid-West","Thousand","17.8"
"Estimated Expenditure by Irish Residents on Domestic Travel","2003Q1","South-East","Thousand","22.5"
"Estimated Expenditure by Irish Residents on Domestic Travel","2003Q1","South-West","Thousand","46"
"Estimated Expenditure by Irish Residents on Domestic Travel","2003Q2","State","Thousand","200.6"
"Estimated Expenditure by Irish Residents on Domestic Travel","2003Q2","Border, Midland and Western","Thousand",""
"Estimated Expenditure by Irish Residents on Domestic Travel","2003Q2","Border","Thousand","19"
"Estimated Expenditure by Irish Residents on Domestic Travel","2003Q2","Midland","Thousand","5.6"
"Estimated Expenditure by Irish Residents on Domestic Travel","2003Q2","West","Thousand","42.6"
"Estimated Expenditure by Irish Residents on Domestic Travel","2003Q2","Southern and Eastern","Thousand",""
"Estimated Expenditure by Irish Residents on Domestic Travel","2003Q2","Dublin","Thousand","24.8"
"Estimated Expenditure by Irish Residents on Domestic Travel","2003Q2","Mid-East","Thousand","11.5"
"Estimated Expenditure by Irish Residents on Domestic Travel","2003Q2","Mid-West","Thousand","16.8"
"Estimated Expenditure by Irish Residents on Domestic Travel","2003Q2","South-East","Thousand","28.1"
"Estimated Expenditure by Irish Residents on Domestic Travel","2003Q2","South-West","Thousand","52.2"
"Estimated Expenditure by Irish Residents on Domestic Travel","2003Q3","State","Thousand","361"
"Estimated Expenditure by Irish Residents on Domestic Travel","2003Q3","Border, Midland and Western","Thousand",""
"Estimated Expenditure by Irish Residents on Domestic Travel","2003Q3","Border","Thousand","39.1"
"Estimated Expenditure by Irish Residents on Domestic Travel","2003Q3","Midland","Thousand","7.6"
"Estimated Expenditure by Irish Residents on Domestic Travel","2003Q3","West","Thousand","77.1"
"Estimated Expenditure by Irish Residents on Domestic Travel","2003Q3","Southern and Eastern","Thousand",""
"Estimated Expenditure by Irish Residents on Domestic Travel","2003Q3","Dublin","Thousand","23.8"
"Estimated Expenditure by Irish Residents on Domestic Travel","2003Q3","Mid-East","Thousand","12.2"
"Estimated Expenditure by Irish Residents on Domestic Travel","2003Q3","Mid-West","Thousand","40.3"
"Estimated Expenditure by Irish Residents on Domestic Travel","2003Q3","South-East","Thousand","57.2"
"Estimated Expenditure by Irish Residents on Domestic Travel","2003Q3","South-West","Thousand","103.7"
"Estimated Expenditure by Irish Residents on Domestic Travel","2003Q4","State","Thousand","225.3"
"Estimated Expenditure by Irish Residents on Domestic Travel","2003Q4","Border, Midland and Western","Thousand",""
"Estimated Expenditure by Irish Residents on Domestic Travel","2003Q4","Border","Thousand","22.3"
"Estimated Expenditure by Irish Residents on Domestic Travel","2003Q4","Midland","Thousand","8.2"
"Estimated Expenditure by Irish Residents on Domestic Travel","2003Q4","West","Thousand","43"
"Estimated Expenditure by Irish Residents on Domestic Travel","2003Q4","Southern and Eastern","Thousand",""
"Estimated Expenditure by Irish Residents on Domestic Travel","2003Q4","Dublin","Thousand","39.7"
"Estimated Expenditure by Irish Residents on Domestic Travel","2003Q4","Mid-East","Thousand","13.3"
"Estimated Expenditure by Irish Residents on Domestic Travel","2003Q4","Mid-West","Thousand","21.7"
"Estimated Expenditure by Irish Residents on Domestic Travel","2003Q4","South-East","Thousand","30.3"
"Estimated Expenditure by Irish Residents on Domestic Travel","2003Q4","South-West","Thousand","46.8"
"Estimated Expenditure by Irish Residents on Domestic Travel","2004Q1","State","Thousand","197.1"
"Estimated Expenditure by Irish Residents on Domestic Travel","2004Q1","Border, Midland and Western","Thousand",""
"Estimated Expenditure by Irish Residents on Domestic Travel","2004Q1","Border","Thousand","18"
"Estimated Expenditure by Irish Residents on Domestic Travel","2004Q1","Midland","Thousand","8.8"
"Estimated Expenditure by Irish Residents on Domestic Travel","2004Q1","West","Thousand","46"
"Estimated Expenditure by Irish Residents on Domestic Travel","2004Q1","Southern and Eastern","Thousand",""
"Estimated Expenditure by Irish Residents on Domestic Travel","2004Q1","Dublin","Thousand","36"
"Estimated Expenditure by Irish Residents on Domestic Travel","2004Q1","Mid-East","Thousand","6.6"
"Estimated Expenditure by Irish Residents on Domestic Travel","2004Q1","Mid-West","Thousand","15.3"
"Estimated Expenditure by Irish Residents on Domestic Travel","2004Q1","South-East","Thousand","22.1"
"Estimated Expenditure by Irish Residents on Domestic Travel","2004Q1","South-West","Thousand","44.3"
"Estimated Expenditure by Irish Residents on Domestic Travel","2004Q2","State","Thousand","234.6"
"Estimated Expenditure by Irish Residents on Domestic Travel","2004Q2","Border, Midland and Western","Thousand",""
"Estimated Expenditure by Irish Residents on Domestic Travel","2004Q2","Border","Thousand","23.2"
"Estimated Expenditure by Irish Residents on Domestic Travel","2004Q2","Midland","Thousand","6.7"
"Estimated Expenditure by Irish Residents on Domestic Travel","2004Q2","West","Thousand","46.3"
"Estimated Expenditure by Irish Residents on Domestic Travel","2004Q2","Southern and Eastern","Thousand",""
"Estimated Expenditure by Irish Residents on Domestic Travel","2004Q2","Dublin","Thousand","32.5"
"Estimated Expenditure by Irish Residents on Domestic Travel","2004Q2","Mid-East","Thousand","8.6"
"Estimated Expenditure by Irish Residents on Domestic Travel","2004Q2","Mid-West","Thousand","26.2"
"Estimated Expenditure by Irish Residents on Domestic Travel","2004Q2","South-East","Thousand","32.1"
"Estimated Expenditure by Irish Residents on Domestic Travel","2004Q2","South-West","Thousand","59"
"Estimated Expenditure by Irish Residents on Domestic Travel","2004Q3","State","Thousand","399.5"
"Estimated Expenditure by Irish Residents on Domestic Travel","2004Q3","Border, Midland and Western","Thousand",""
"Estimated Expenditure by Irish Residents on Domestic Travel","2004Q3","Border","Thousand","44.3"
"Estimated Expenditure by Irish Residents on Domestic Travel","2004Q3","Midland","Thousand","7.6"
"Estimated Expenditure by Irish Residents on Domestic Travel","2004Q3","West","Thousand","80.1"
"Estimated Expenditure by Irish Residents on Domestic Travel","2004Q3","Southern and Eastern","Thousand",""
"Estimated Expenditure by Irish Residents on Domestic Travel","2004Q3","Dublin","Thousand","39.1"
"Estimated Expenditure by Irish Residents on Domestic Travel","2004Q3","Mid-East","Thousand","13.1"
"Estimated Expenditure by Irish Residents on Domestic Travel","2004Q3","Mid-West","Thousand","33.6"
"Estimated Expenditure by Irish Residents on Domestic Travel","2004Q3","South-East","Thousand","62.6"
"Estimated Expenditure by Irish Residents on Domestic Travel","2004Q3","South-West","Thousand","119.1"
"Estimated Expenditure by Irish Residents on Domestic Travel","2004Q4","State","Thousand","206"
"Estimated Expenditure by Irish Residents on Domestic Travel","2004Q4","Border, Midland and Western","Thousand",""
"Estimated Expenditure by Irish Residents on Domestic Travel","2004Q4","Border","Thousand","18.4"
"Estimated Expenditure by Irish Residents on Domestic Travel","2004Q4","Midland","Thousand","8.9"
"Estimated Expenditure by Irish Residents on Domestic Travel","2004Q4","West","Thousand","37.7"
"Estimated Expenditure by Irish Residents on Domestic Travel","2004Q4","Southern and Eastern","Thousand",""
"Estimated Expenditure by Irish Residents on Domestic Travel","2004Q4","Dublin","Thousand","36.1"
"Estimated Expenditure by Irish Residents on Domestic Travel","2004Q4","Mid-East","Thousand","11.3"
"Estimated Expenditure by Irish Residents on Domestic Travel","2004Q4","Mid-West","Thousand","16.2"
"Estimated Expenditure by Irish Residents on Domestic Travel","2004Q4","South-East","Thousand","34.1"
"Estimated Expenditure by Irish Residents on Domestic Travel","2004Q4","South-West","Thousand","43.3"
"Estimated Expenditure by Irish Residents on Domestic Travel","2005Q1","State","Thousand","187.7"
"Estimated Expenditure by Irish Residents on Domestic Travel","2005Q1","Border, Midland and Western","Thousand","65.9"
"Estimated Expenditure by Irish Residents on Domestic Travel","2005Q1","Border","Thousand","18.2"
"Estimated Expenditure by Irish Residents on Domestic Travel","2005Q1","Midland","Thousand","4.3"
"Estimated Expenditure by Irish Residents on Domestic Travel","2005Q1","West","Thousand","43.4"
"Estimated Expenditure by Irish Residents on Domestic Travel","2005Q1","Southern and Eastern","Thousand","121.8"
"Estimated Expenditure by Irish Residents on Domestic Travel","2005Q1","Dublin","Thousand","27.6"
"Estimated Expenditure by Irish Residents on Domestic Travel","2005Q1","Mid-East","Thousand","10"
"Estimated Expenditure by Irish Residents on Domestic Travel","2005Q1","Mid-West","Thousand","15.1"
"Estimated Expenditure by Irish Residents on Domestic Travel","2005Q1","South-East","Thousand","30.3"
"Estimated Expenditure by Irish Residents on Domestic Travel","2005Q1","South-West","Thousand","38.8"
"Estimated Expenditure by Irish Residents on Domestic Travel","2005Q2","State","Thousand","274.6"
"Estimated Expenditure by Irish Residents on Domestic Travel","2005Q2","Border, Midland and Western","Thousand","91.2"
"Estimated Expenditure by Irish Residents on Domestic Travel","2005Q2","Border","Thousand","30.8"
"Estimated Expenditure by Irish Residents on Domestic Travel","2005Q2","Midland","Thousand","7.9"
"Estimated Expenditure by Irish Residents on Domestic Travel","2005Q2","West","Thousand","52.5"
"Estimated Expenditure by Irish Residents on Domestic Travel","2005Q2","Southern and Eastern","Thousand","183.4"
"Estimated Expenditure by Irish Residents on Domestic Travel","2005Q2","Dublin","Thousand","43.9"
"Estimated Expenditure by Irish Residents on Domestic Travel","2005Q2","Mid-East","Thousand","12.9"
"Estimated Expenditure by Irish Residents on Domestic Travel","2005Q2","Mid-West","Thousand","24.3"
"Estimated Expenditure by Irish Residents on Domestic Travel","2005Q2","South-East","Thousand","42"
"Estimated Expenditure by Irish Residents on Domestic Travel","2005Q2","South-West","Thousand","60.3"
"Estimated Expenditure by Irish Residents on Domestic Travel","2005Q3","State","Thousand","442.4"
"Estimated Expenditure by Irish Residents on Domestic Travel","2005Q3","Border, Midland and Western","Thousand","146.9"
"Estimated Expenditure by Irish Residents on Domestic Travel","2005Q3","Border","Thousand","43.2"
"Estimated Expenditure by Irish Residents on Domestic Travel","2005Q3","Midland","Thousand","10.7"
"Estimated Expenditure by Irish Residents on Domestic Travel","2005Q3","West","Thousand","93"
"Estimated Expenditure by Irish Residents on Domestic Travel","2005Q3","Southern and Eastern","Thousand","295.5"
"Estimated Expenditure by Irish Residents on Domestic Travel","2005Q3","Dublin","Thousand","39.2"
"Estimated Expenditure by Irish Residents on Domestic Travel","2005Q3","Mid-East","Thousand","17.5"
"Estimated Expenditure by Irish Residents on Domestic Travel","2005Q3","Mid-West","Thousand","42"
"Estimated Expenditure by Irish Residents on Domestic Travel","2005Q3","South-East","Thousand","76.5"
"Estimated Expenditure by Irish Residents on Domestic Travel","2005Q3","South-West","Thousand","120.3"
"Estimated Expenditure by Irish Residents on Domestic Travel","2005Q4","State","Thousand","259.8"
"Estimated Expenditure by Irish Residents on Domestic Travel","2005Q4","Border, Midland and Western","Thousand","78.9"
"Estimated Expenditure by Irish Residents on Domestic Travel","2005Q4","Border","Thousand","26.5"
"Estimated Expenditure by Irish Residents on Domestic Travel","2005Q4","Midland","Thousand","11.2"
"Estimated Expenditure by Irish Residents on Domestic Travel","2005Q4","West","Thousand","41.2"
"Estimated Expenditure by Irish Residents on Domestic Travel","2005Q4","Southern and Eastern","Thousand","180.9"
"Estimated Expenditure by Irish Residents on Domestic Travel","2005Q4","Dublin","Thousand","57.4"
"Estimated Expenditure by Irish Residents on Domestic Travel","2005Q4","Mid-East","Thousand","17.2"
"Estimated Expenditure by Irish Residents on Domestic Travel","2005Q4","Mid-West","Thousand","18.3"
"Estimated Expenditure by Irish Residents on Domestic Travel","2005Q4","South-East","Thousand","31.8"
"Estimated Expenditure by Irish Residents on Domestic Travel","2005Q4","South-West","Thousand","56.2"
"Estimated Expenditure by Irish Residents on Domestic Travel","2006Q1","State","Thousand","217.4"
"Estimated Expenditure by Irish Residents on Domestic Travel","2006Q1","Border, Midland and Western","Thousand","61"
"Estimated Expenditure by Irish Residents on Domestic Travel","2006Q1","Border","Thousand","16.7"
"Estimated Expenditure by Irish Residents on Domestic Travel","2006Q1","Midland","Thousand","8.6"
"Estimated Expenditure by Irish Residents on Domestic Travel","2006Q1","West","Thousand","35.7"
"Estimated Expenditure by Irish Residents on Domestic Travel","2006Q1","Southern and Eastern","Thousand","156.4"
"Estimated Expenditure by Irish Residents on Domestic Travel","2006Q1","Dublin","Thousand","57.1"
"Estimated Expenditure by Irish Residents on Domestic Travel","2006Q1","Mid-East","Thousand","5.5"
"Estimated Expenditure by Irish Residents on Domestic Travel","2006Q1","Mid-West","Thousand","20.5"
"Estimated Expenditure by Irish Residents on Domestic Travel","2006Q1","South-East","Thousand","26.8"
"Estimated Expenditure by Irish Residents on Domestic Travel","2006Q1","South-West","Thousand","46.5"
"Estimated Expenditure by Irish Residents on Domestic Travel","2006Q2","State","Thousand","288.1"
"Estimated Expenditure by Irish Residents on Domestic Travel","2006Q2","Border, Midland and Western","Thousand","102.4"
"Estimated Expenditure by Irish Residents on Domestic Travel","2006Q2","Border","Thousand","33.4"
"Estimated Expenditure by Irish Residents on Domestic Travel","2006Q2","Midland","Thousand","11.3"
"Estimated Expenditure by Irish Residents on Domestic Travel","2006Q2","West","Thousand","57.7"
"Estimated Expenditure by Irish Residents on Domestic Travel","2006Q2","Southern and Eastern","Thousand","185.7"
"Estimated Expenditure by Irish Residents on Domestic Travel","2006Q2","Dublin","Thousand","40.3"
"Estimated Expenditure by Irish Residents on Domestic Travel","2006Q2","Mid-East","Thousand","15.1"
"Estimated Expenditure by Irish Residents on Domestic Travel","2006Q2","Mid-West","Thousand","26.3"
"Estimated Expenditure by Irish Residents on Domestic Travel","2006Q2","South-East","Thousand","40.7"
"Estimated Expenditure by Irish Residents on Domestic Travel","2006Q2","South-West","Thousand","63.3"
"Estimated Expenditure by Irish Residents on Domestic Travel","2006Q3","State","Thousand","541.7"
"Estimated Expenditure by Irish Residents on Domestic Travel","2006Q3","Border, Midland and Western","Thousand","183.6"
"Estimated Expenditure by Irish Residents on Domestic Travel","2006Q3","Border","Thousand","44.5"
"Estimated Expenditure by Irish Residents on Domestic Travel","2006Q3","Midland","Thousand","18.3"
"Estimated Expenditure by Irish Residents on Domestic Travel","2006Q3","West","Thousand","120.8"
"Estimated Expenditure by Irish Residents on Domestic Travel","2006Q3","Southern and Eastern","Thousand","358.1"
"Estimated Expenditure by Irish Residents on Domestic Travel","2006Q3","Dublin","Thousand","56.4"
"Estimated Expenditure by Irish Residents on Domestic Travel","2006Q3","Mid-East","Thousand","19.6"
"Estimated Expenditure by Irish Residents on Domestic Travel","2006Q3","Mid-West","Thousand","45.5"
"Estimated Expenditure by Irish Residents on Domestic Travel","2006Q3","South-East","Thousand","78.3"
"Estimated Expenditure by Irish Residents on Domestic Travel","2006Q3","South-West","Thousand","158.3"
"Estimated Expenditure by Irish Residents on Domestic Travel","2006Q4","State","Thousand","351.1"
"Estimated Expenditure by Irish Residents on Domestic Travel","2006Q4","Border, Midland and Western","Thousand","109.1"
"Estimated Expenditure by Irish Residents on Domestic Travel","2006Q4","Border","Thousand","23.7"
"Estimated Expenditure by Irish Residents on Domestic Travel","2006Q4","Midland","Thousand","11.2"
"Estimated Expenditure by Irish Residents on Domestic Travel","2006Q4","West","Thousand","74.2"
"Estimated Expenditure by Irish Residents on Domestic Travel","2006Q4","Southern and Eastern","Thousand","242"
"Estimated Expenditure by Irish Residents on Domestic Travel","2006Q4","Dublin","Thousand","76.9"
"Estimated Expenditure by Irish Residents on Domestic Travel","2006Q4","Mid-East","Thousand","21.9"
"Estimated Expenditure by Irish Residents on Domestic Travel","2006Q4","Mid-West","Thousand","30.4"
"Estimated Expenditure by Irish Residents on Domestic Travel","2006Q4","South-East","Thousand","40.4"
"Estimated Expenditure by Irish Residents on Domestic Travel","2006Q4","South-West","Thousand","72.4"
"Estimated Expenditure by Irish Residents on Domestic Travel","2007Q1","State","Thousand","288.9"
"Estimated Expenditure by Irish Residents on Domestic Travel","2007Q1","Border, Midland and Western","Thousand","95.5"
"Estimated Expenditure by Irish Residents on Domestic Travel","2007Q1","Border","Thousand","26.8"
"Estimated Expenditure by Irish Residents on Domestic Travel","2007Q1","Midland","Thousand","12.6"
"Estimated Expenditure by Irish Residents on Domestic Travel","2007Q1","West","Thousand","56.1"
"Estimated Expenditure by Irish Residents on Domestic Travel","2007Q1","Southern and Eastern","Thousand","193.4"
"Estimated Expenditure by Irish Residents on Domestic Travel","2007Q1","Dublin","Thousand","59"
"Estimated Expenditure by Irish Residents on Domestic Travel","2007Q1","Mid-East","Thousand","16.8"
"Estimated Expenditure by Irish Residents on Domestic Travel","2007Q1","Mid-West","Thousand","21.8"
"Estimated Expenditure by Irish Residents on Domestic Travel","2007Q1","South-East","Thousand","38.6"
"Estimated Expenditure by Irish Residents on Domestic Travel","2007Q1","South-West","Thousand","57.2"
"Estimated Expenditure by Irish Residents on Domestic Travel","2007Q2","State","Thousand","339.7"
"Estimated Expenditure by Irish Residents on Domestic Travel","2007Q2","Border, Midland and Western","Thousand","114.2"
"Estimated Expenditure by Irish Residents on Domestic Travel","2007Q2","Border","Thousand","37.1"
"Estimated Expenditure by Irish Residents on Domestic Travel","2007Q2","Midland","Thousand","10"
"Estimated Expenditure by Irish Residents on Domestic Travel","2007Q2","West","Thousand","67.1"
"Estimated Expenditure by Irish Residents on Domestic Travel","2007Q2","Southern and Eastern","Thousand","225.5"
"Estimated Expenditure by Irish Residents on Domestic Travel","2007Q2","Dublin","Thousand","38.4"
"Estimated Expenditure by Irish Residents on Domestic Travel","2007Q2","Mid-East","Thousand","18.6"
"Estimated Expenditure by Irish Residents on Domestic Travel","2007Q2","Mid-West","Thousand","30.3"
"Estimated Expenditure by Irish Residents on Domestic Travel","2007Q2","South-East","Thousand","48.4"
"Estimated Expenditure by Irish Residents on Domestic Travel","2007Q2","South-West","Thousand","89.8"
"Estimated Expenditure by Irish Residents on Domestic Travel","2007Q3","State","Thousand","594.6"
"Estimated Expenditure by Irish Residents on Domestic Travel","2007Q3","Border, Midland and Western","Thousand","174"
"Estimated Expenditure by Irish Residents on Domestic Travel","2007Q3","Border","Thousand",""
"Estimated Expenditure by Irish Residents on Domestic Travel","2007Q3","Midland","Thousand",""
"Estimated Expenditure by Irish Residents on Domestic Travel","2007Q3","West","Thousand",""
"Estimated Expenditure by Irish Residents on Domestic Travel","2007Q3","Southern and Eastern","Thousand","420.6"
"Estimated Expenditure by Irish Residents on Domestic Travel","2007Q3","Dublin","Thousand",""
"Estimated Expenditure by Irish Residents on Domestic Travel","2007Q3","Mid-East","Thousand",""
"Estimated Expenditure by Irish Residents on Domestic Travel","2007Q3","Mid-West","Thousand",""
"Estimated Expenditure by Irish Residents on Domestic Travel","2007Q3","South-East","Thousand",""
"Estimated Expenditure by Irish Residents on Domestic Travel","2007Q3","South-West","Thousand",""
"Estimated Expenditure by Irish Residents on Domestic Travel","2007Q4","State","Thousand","327.8"
"Estimated Expenditure by Irish Residents on Domestic Travel","2007Q4","Border, Midland and Western","Thousand","98.5"
"Estimated Expenditure by Irish Residents on Domestic Travel","2007Q4","Border","Thousand",""
"Estimated Expenditure by Irish Residents on Domestic Travel","2007Q4","Midland","Thousand",""
"Estimated Expenditure by Irish Residents on Domestic Travel","2007Q4","West","Thousand",""
"Estimated Expenditure by Irish Residents on Domestic Travel","2007Q4","Southern and Eastern","Thousand","229.3"
"Estimated Expenditure by Irish Residents on Domestic Travel","2007Q4","Dublin","Thousand",""
"Estimated Expenditure by Irish Residents on Domestic Travel","2007Q4","Mid-East","Thousand",""
"Estimated Expenditure by Irish Residents on Domestic Travel","2007Q4","Mid-West","Thousand",""
"Estimated Expenditure by Irish Residents on Domestic Travel","2007Q4","South-East","Thousand",""
"Estimated Expenditure by Irish Residents on Domestic Travel","2007Q4","South-West","Thousand",""
"Estimated Expenditure by Irish Residents on Domestic Travel","2008Q1","State","Thousand","284.2"
"Estimated Expenditure by Irish Residents on Domestic Travel","2008Q1","Border, Midland and Western","Thousand","85.7"
"Estimated Expenditure by Irish Residents on Domestic Travel","2008Q1","Border","Thousand",""
"Estimated Expenditure by Irish Residents on Domestic Travel","2008Q1","Midland","Thousand",""
"Estimated Expenditure by Irish Residents on Domestic Travel","2008Q1","West","Thousand",""
"Estimated Expenditure by Irish Residents on Domestic Travel","2008Q1","Southern and Eastern","Thousand","198.5"
"Estimated Expenditure by Irish Residents on Domestic Travel","2008Q1","Dublin","Thousand",""
"Estimated Expenditure by Irish Residents on Domestic Travel","2008Q1","Mid-East","Thousand",""
"Estimated Expenditure by Irish Residents on Domestic Travel","2008Q1","Mid-West","Thousand",""
"Estimated Expenditure by Irish Residents on Domestic Travel","2008Q1","South-East","Thousand",""
"Estimated Expenditure by Irish Residents on Domestic Travel","2008Q1","South-West","Thousand",""
"Estimated Expenditure by Irish Residents on Domestic Travel","2008Q2","State","Thousand","322.2"
"Estimated Expenditure by Irish Residents on Domestic Travel","2008Q2","Border, Midland and Western","Thousand","106"
"Estimated Expenditure by Irish Residents on Domestic Travel","2008Q2","Border","Thousand",""
"Estimated Expenditure by Irish Residents on Domestic Travel","2008Q2","Midland","Thousand",""
"Estimated Expenditure by Irish Residents on Domestic Travel","2008Q2","West","Thousand",""
"Estimated Expenditure by Irish Residents on Domestic Travel","2008Q2","Southern and Eastern","Thousand","216.2"
"Estimated Expenditure by Irish Residents on Domestic Travel","2008Q2","Dublin","Thousand",""
"Estimated Expenditure by Irish Residents on Domestic Travel","2008Q2","Mid-East","Thousand",""
"Estimated Expenditure by Irish Residents on Domestic Travel","2008Q2","Mid-West","Thousand",""
"Estimated Expenditure by Irish Residents on Domestic Travel","2008Q2","South-East","Thousand",""
"Estimated Expenditure by Irish Residents on Domestic Travel","2008Q2","South-West","Thousand",""
"Estimated Expenditure by Irish Residents on Domestic Travel","2008Q3","State","Thousand","592.8"
"Estimated Expenditure by Irish Residents on Domestic Travel","2008Q3","Border, Midland and Western","Thousand","186.3"
"Estimated Expenditure by Irish Residents on Domestic Travel","2008Q3","Border","Thousand",""
"Estimated Expenditure by Irish Residents on Domestic Travel","2008Q3","Midland","Thousand",""
"Estimated Expenditure by Irish Residents on Domestic Travel","2008Q3","West","Thousand",""
"Estimated Expenditure by Irish Residents on Domestic Travel","2008Q3","Southern and Eastern","Thousand","406.5"
"Estimated Expenditure by Irish Residents on Domestic Travel","2008Q3","Dublin","Thousand",""
"Estimated Expenditure by Irish Residents on Domestic Travel","2008Q3","Mid-East","Thousand",""
"Estimated Expenditure by Irish Residents on Domestic Travel","2008Q3","Mid-West","Thousand",""
"Estimated Expenditure by Irish Residents on Domestic Travel","2008Q3","South-East","Thousand",""
"Estimated Expenditure by Irish Residents on Domestic Travel","2008Q3","South-West","Thousand",""
"Estimated Expenditure by Irish Residents on Domestic Travel","2008Q4","State","Thousand","346.8"
"Estimated Expenditure by Irish Residents on Domestic Travel","2008Q4","Border, Midland and Western","Thousand","103"
"Estimated Expenditure by Irish Residents on Domestic Travel","2008Q4","Border","Thousand",""
"Estimated Expenditure by Irish Residents on Domestic Travel","2008Q4","Midland","Thousand",""
"Estimated Expenditure by Irish Residents on Domestic Travel","2008Q4","West","Thousand",""
"Estimated Expenditure by Irish Residents on Domestic Travel","2008Q4","Southern and Eastern","Thousand","243.8"
"Estimated Expenditure by Irish Residents on Domestic Travel","2008Q4","Dublin","Thousand",""
"Estimated Expenditure by Irish Residents on Domestic Travel","2008Q4","Mid-East","Thousand",""
"Estimated Expenditure by Irish Residents on Domestic Travel","2008Q4","Mid-West","Thousand",""
"Estimated Expenditure by Irish Residents on Domestic Travel","2008Q4","South-East","Thousand",""
"Estimated Expenditure by Irish Residents on Domestic Travel","2008Q4","South-West","Thousand",""
"Estimated Expenditure by Irish Residents on Domestic Travel","2009Q1","State","Thousand","256.3"
"Estimated Expenditure by Irish Residents on Domestic Travel","2009Q1","Border, Midland and Western","Thousand","86.5"
"Estimated Expenditure by Irish Residents on Domestic Travel","2009Q1","Border","Thousand",""
"Estimated Expenditure by Irish Residents on Domestic Travel","2009Q1","Midland","Thousand",""
"Estimated Expenditure by Irish Residents on Domestic Travel","2009Q1","West","Thousand",""
"Estimated Expenditure by Irish Residents on Domestic Travel","2009Q1","Southern and Eastern","Thousand","169.8"
"Estimated Expenditure by Irish Residents on Domestic Travel","2009Q1","Dublin","Thousand",""
"Estimated Expenditure by Irish Residents on Domestic Travel","2009Q1","Mid-East","Thousand",""
"Estimated Expenditure by Irish Residents on Domestic Travel","2009Q1","Mid-West","Thousand",""
"Estimated Expenditure by Irish Residents on Domestic Travel","2009Q1","South-East","Thousand",""
"Estimated Expenditure by Irish Residents on Domestic Travel","2009Q1","South-West","Thousand",""
"Estimated Expenditure by Irish Residents on Domestic Travel","2009Q2","State","Thousand","314.4"
"Estimated Expenditure by Irish Residents on Domestic Travel","2009Q2","Border, Midland and Western","Thousand","101.1"
"Estimated Expenditure by Irish Residents on Domestic Travel","2009Q2","Border","Thousand",""
"Estimated Expenditure by Irish Residents on Domestic Travel","2009Q2","Midland","Thousand",""
"Estimated Expenditure by Irish Residents on Domestic Travel","2009Q2","West","Thousand",""
"Estimated Expenditure by Irish Residents on Domestic Travel","2009Q2","Southern and Eastern","Thousand","213.3"
"Estimated Expenditure by Irish Residents on Domestic Travel","2009Q2","Dublin","Thousand",""
"Estimated Expenditure by Irish Residents on Domestic Travel","2009Q2","Mid-East","Thousand",""
"Estimated Expenditure by Irish Residents on Domestic Travel","2009Q2","Mid-West","Thousand",""
"Estimated Expenditure by Irish Residents on Domestic Travel","2009Q2","South-East","Thousand",""
"Estimated Expenditure by Irish Residents on Domestic Travel","2009Q2","South-West","Thousand",""
"Estimated Expenditure by Irish Residents on Domestic Travel","2009Q3","State","Thousand","501.2"
"Estimated Expenditure by Irish Residents on Domestic Travel","2009Q3","Border, Midland and Western","Thousand","180"
"Estimated Expenditure by Irish Residents on Domestic Travel","2009Q3","Border","Thousand",""
"Estimated Expenditure by Irish Residents on Domestic Travel","2009Q3","Midland","Thousand",""
"Estimated Expenditure by Irish Residents on Domestic Travel","2009Q3","West","Thousand",""
"Estimated Expenditure by Irish Residents on Domestic Travel","2009Q3","Southern and Eastern","Thousand","321.2"
"Estimated Expenditure by Irish Residents on Domestic Travel","2009Q3","Dublin","Thousand",""
"Estimated Expenditure by Irish Residents on Domestic Travel","2009Q3","Mid-East","Thousand",""
"Estimated Expenditure by Irish Residents on Domestic Travel","2009Q3","Mid-West","Thousand",""
"Estimated Expenditure by Irish Residents on Domestic Travel","2009Q3","South-East","Thousand",""
"Estimated Expenditure by Irish Residents on Domestic Travel","2009Q3","South-West","Thousand",""
"Estimated Expenditure by Irish Residents on Domestic Travel","2009Q4","State","Thousand","317.9"
"Estimated Expenditure by Irish Residents on Domestic Travel","2009Q4","Border, Midland and Western","Thousand","100.6"
"Estimated Expenditure by Irish Residents on Domestic Travel","2009Q4","Border","Thousand",""
"Estimated Expenditure by Irish Residents on Domestic Travel","2009Q4","Midland","Thousand",""
"Estimated Expenditure by Irish Residents on Domestic Travel","2009Q4","West","Thousand",""
"Estimated Expenditure by Irish Residents on Domestic Travel","2009Q4","Southern and Eastern","Thousand","217.3"
"Estimated Expenditure by Irish Residents on Domestic Travel","2009Q4","Dublin","Thousand",""
"Estimated Expenditure by Irish Residents on Domestic Travel","2009Q4","Mid-East","Thousand",""
"Estimated Expenditure by Irish Residents on Domestic Travel","2009Q4","Mid-West","Thousand",""
"Estimated Expenditure by Irish Residents on Domestic Travel","2009Q4","South-East","Thousand",""
"Estimated Expenditure by Irish Residents on Domestic Travel","2009Q4","South-West","Thousand",""
"Estimated Expenditure by Irish Residents on Domestic Travel","2012Q1","State","Thousand","243.8"
"Estimated Expenditure by Irish Residents on Domestic Travel","2012Q1","Border, Midland and Western","Thousand","78.4"
"Estimated Expenditure by Irish Residents on Domestic Travel","2012Q1","Border","Thousand",""
"Estimated Expenditure by Irish Residents on Domestic Travel","2012Q1","Midland","Thousand",""
"Estimated Expenditure by Irish Residents on Domestic Travel","2012Q1","West","Thousand",""
"Estimated Expenditure by Irish Residents on Domestic Travel","2012Q1","Southern and Eastern","Thousand","165.4"
"Estimated Expenditure by Irish Residents on Domestic Travel","2012Q1","Dublin","Thousand",""
"Estimated Expenditure by Irish Residents on Domestic Travel","2012Q1","Mid-East","Thousand",""
"Estimated Expenditure by Irish Residents on Domestic Travel","2012Q1","Mid-West","Thousand",""
"Estimated Expenditure by Irish Residents on Domestic Travel","2012Q1","South-East","Thousand",""
"Estimated Expenditure by Irish Residents on Domestic Travel","2012Q1","South-West","Thousand",""
"Estimated Expenditure by Irish Residents on Domestic Travel","2012Q2","State","Thousand","352.2"
"Estimated Expenditure by Irish Residents on Domestic Travel","2012Q2","Border, Midland and Western","Thousand","130"
"Estimated Expenditure by Irish Residents on Domestic Travel","2012Q2","Border","Thousand",""
"Estimated Expenditure by Irish Residents on Domestic Travel","2012Q2","Midland","Thousand",""
"Estimated Expenditure by Irish Residents on Domestic Travel","2012Q2","West","Thousand",""
"Estimated Expenditure by Irish Residents on Domestic Travel","2012Q2","Southern and Eastern","Thousand","222.3"
"Estimated Expenditure by Irish Residents on Domestic Travel","2012Q2","Dublin","Thousand",""
"Estimated Expenditure by Irish Residents on Domestic Travel","2012Q2","Mid-East","Thousand",""
"Estimated Expenditure by Irish Residents on Domestic Travel","2012Q2","Mid-West","Thousand",""
"Estimated Expenditure by Irish Residents on Domestic Travel","2012Q2","South-East","Thousand",""
"Estimated Expenditure by Irish Residents on Domestic Travel","2012Q2","South-West","Thousand",""
"Estimated Expenditure by Irish Residents on Domestic Travel","2012Q3","State","Thousand","632.1"
"Estimated Expenditure by Irish Residents on Domestic Travel","2012Q3","Border, Midland and Western","Thousand","177.1"
"Estimated Expenditure by Irish Residents on Domestic Travel","2012Q3","Border","Thousand",""
"Estimated Expenditure by Irish Residents on Domestic Travel","2012Q3","Midland","Thousand",""
"Estimated Expenditure by Irish Residents on Domestic Travel","2012Q3","West","Thousand",""
"Estimated Expenditure by Irish Residents on Domestic Travel","2012Q3","Southern and Eastern","Thousand","454.9"
"Estimated Expenditure by Irish Residents on Domestic Travel","2012Q3","Dublin","Thousand",""
"Estimated Expenditure by Irish Residents on Domestic Travel","2012Q3","Mid-East","Thousand",""
"Estimated Expenditure by Irish Residents on Domestic Travel","2012Q3","Mid-West","Thousand",""
"Estimated Expenditure by Irish Residents on Domestic Travel","2012Q3","South-East","Thousand",""
"Estimated Expenditure by Irish Residents on Domestic Travel","2012Q3","South-West","Thousand",""
"Estimated Expenditure by Irish Residents on Domestic Travel","2012Q4","State","Thousand","286.1"
"Estimated Expenditure by Irish Residents on Domestic Travel","2012Q4","Border, Midland and Western","Thousand","76.4"
"Estimated Expenditure by Irish Residents on Domestic Travel","2012Q4","Border","Thousand",""
"Estimated Expenditure by Irish Residents on Domestic Travel","2012Q4","Midland","Thousand",""
"Estimated Expenditure by Irish Residents on Domestic Travel","2012Q4","West","Thousand",""
"Estimated Expenditure by Irish Residents on Domestic Travel","2012Q4","Southern and Eastern","Thousand","209.7"
"Estimated Expenditure by Irish Residents on Domestic Travel","2012Q4","Dublin","Thousand",""
"Estimated Expenditure by Irish Residents on Domestic Travel","2012Q4","Mid-East","Thousand",""
"Estimated Expenditure by Irish Residents on Domestic Travel","2012Q4","Mid-West","Thousand",""
"Estimated Expenditure by Irish Residents on Domestic Travel","2012Q4","South-East","Thousand",""
"Estimated Expenditure by Irish Residents on Domestic Travel","2012Q4","South-West","Thousand",""
"Estimated Expenditure by Irish Residents on Domestic Travel","2013Q1","State","Thousand","239.5"
"Estimated Expenditure by Irish Residents on Domestic Travel","2013Q1","Border, Midland and Western","Thousand","63"
"Estimated Expenditure by Irish Residents on Domestic Travel","2013Q1","Border","Thousand",""
"Estimated Expenditure by Irish Residents on Domestic Travel","2013Q1","Midland","Thousand",""
"Estimated Expenditure by Irish Residents on Domestic Travel","2013Q1","West","Thousand",""
"Estimated Expenditure by Irish Residents on Domestic Travel","2013Q1","Southern and Eastern","Thousand","176.6"
"Estimated Expenditure by Irish Residents on Domestic Travel","2013Q1","Dublin","Thousand",""
"Estimated Expenditure by Irish Residents on Domestic Travel","2013Q1","Mid-East","Thousand",""
"Estimated Expenditure by Irish Residents on Domestic Travel","2013Q1","Mid-West","Thousand",""
"Estimated Expenditure by Irish Residents on Domestic Travel","2013Q1","South-East","Thousand",""
"Estimated Expenditure by Irish Residents on Domestic Travel","2013Q1","South-West","Thousand",""
"Estimated Expenditure by Irish Residents on Domestic Travel","2013Q2","State","Thousand","334.8"
"Estimated Expenditure by Irish Residents on Domestic Travel","2013Q2","Border, Midland and Western","Thousand","105.6"
"Estimated Expenditure by Irish Residents on Domestic Travel","2013Q2","Border","Thousand",""
"Estimated Expenditure by Irish Residents on Domestic Travel","2013Q2","Midland","Thousand",""
"Estimated Expenditure by Irish Residents on Domestic Travel","2013Q2","West","Thousand",""
"Estimated Expenditure by Irish Residents on Domestic Travel","2013Q2","Southern and Eastern","Thousand","229.3"
"Estimated Expenditure by Irish Residents on Domestic Travel","2013Q2","Dublin","Thousand",""
"Estimated Expenditure by Irish Residents on Domestic Travel","2013Q2","Mid-East","Thousand",""
"Estimated Expenditure by Irish Residents on Domestic Travel","2013Q2","Mid-West","Thousand",""
"Estimated Expenditure by Irish Residents on Domestic Travel","2013Q2","South-East","Thousand",""
"Estimated Expenditure by Irish Residents on Domestic Travel","2013Q2","South-West","Thousand",""
"Estimated Expenditure by Irish Residents on Domestic Travel","2013Q3","State","Thousand","658.5"
"Estimated Expenditure by Irish Residents on Domestic Travel","2013Q3","Border, Midland and Western","Thousand","245.3"
"Estimated Expenditure by Irish Residents on Domestic Travel","2013Q3","Border","Thousand",""
"Estimated Expenditure by Irish Residents on Domestic Travel","2013Q3","Midland","Thousand",""
"Estimated Expenditure by Irish Residents on Domestic Travel","2013Q3","West","Thousand",""
"Estimated Expenditure by Irish Residents on Domestic Travel","2013Q3","Southern and Eastern","Thousand","413.2"
"Estimated Expenditure by Irish Residents on Domestic Travel","2013Q3","Dublin","Thousand",""
"Estimated Expenditure by Irish Residents on Domestic Travel","2013Q3","Mid-East","Thousand",""
"Estimated Expenditure by Irish Residents on Domestic Travel","2013Q3","Mid-West","Thousand",""
"Estimated Expenditure by Irish Residents on Domestic Travel","2013Q3","South-East","Thousand",""
"Estimated Expenditure by Irish Residents on Domestic Travel","2013Q3","South-West","Thousand",""
"Estimated Expenditure by Irish Residents on Domestic Travel","2013Q4","State","Thousand","300.2"
"Estimated Expenditure by Irish Residents on Domestic Travel","2013Q4","Border, Midland and Western","Thousand","91.6"
"Estimated Expenditure by Irish Residents on Domestic Travel","2013Q4","Border","Thousand",""
"Estimated Expenditure by Irish Residents on Domestic Travel","2013Q4","Midland","Thousand",""
"Estimated Expenditure by Irish Residents on Domestic Travel","2013Q4","West","Thousand",""
"Estimated Expenditure by Irish Residents on Domestic Travel","2013Q4","Southern and Eastern","Thousand","208.6"
"Estimated Expenditure by Irish Residents on Domestic Travel","2013Q4","Dublin","Thousand",""
"Estimated Expenditure by Irish Residents on Domestic Travel","2013Q4","Mid-East","Thousand",""
"Estimated Expenditure by Irish Residents on Domestic Travel","2013Q4","Mid-West","Thousand",""
"Estimated Expenditure by Irish Residents on Domestic Travel","2013Q4","South-East","Thousand",""
"Estimated Expenditure by Irish Residents on Domestic Travel","2013Q4","South-West","Thousand",""
"Estimated Expenditure by Irish Residents on Domestic Travel","2014Q1","State","Thousand","244"
"Estimated Expenditure by Irish Residents on Domestic Travel","2014Q1","Border, Midland and Western","Thousand","66"
"Estimated Expenditure by Irish Residents on Domestic Travel","2014Q1","Border","Thousand",""
"Estimated Expenditure by Irish Residents on Domestic Travel","2014Q1","Midland","Thousand",""
"Estimated Expenditure by Irish Residents on Domestic Travel","2014Q1","West","Thousand",""
"Estimated Expenditure by Irish Residents on Domestic Travel","2014Q1","Southern and Eastern","Thousand","178"
"Estimated Expenditure by Irish Residents on Domestic Travel","2014Q1","Dublin","Thousand",""
"Estimated Expenditure by Irish Residents on Domestic Travel","2014Q1","Mid-East","Thousand",""
"Estimated Expenditure by Irish Residents on Domestic Travel","2014Q1","Mid-West","Thousand",""
"Estimated Expenditure by Irish Residents on Domestic Travel","2014Q1","South-East","Thousand",""
"Estimated Expenditure by Irish Residents on Domestic Travel","2014Q1","South-West","Thousand",""
"Estimated Expenditure by Irish Residents on Domestic Travel","2014Q2","State","Thousand","402.5"
"Estimated Expenditure by Irish Residents on Domestic Travel","2014Q2","Border, Midland and Western","Thousand","140"
"Estimated Expenditure by Irish Residents on Domestic Travel","2014Q2","Border","Thousand",""
"Estimated Expenditure by Irish Residents on Domestic Travel","2014Q2","Midland","Thousand",""
"Estimated Expenditure by Irish Residents on Domestic Travel","2014Q2","West","Thousand",""
"Estimated Expenditure by Irish Residents on Domestic Travel","2014Q2","Southern and Eastern","Thousand","262.5"
"Estimated Expenditure by Irish Residents on Domestic Travel","2014Q2","Dublin","Thousand",""
"Estimated Expenditure by Irish Residents on Domestic Travel","2014Q2","Mid-East","Thousand",""
"Estimated Expenditure by Irish Residents on Domestic Travel","2014Q2","Mid-West","Thousand",""
"Estimated Expenditure by Irish Residents on Domestic Travel","2014Q2","South-East","Thousand",""
"Estimated Expenditure by Irish Residents on Domestic Travel","2014Q2","South-West","Thousand",""
"Estimated Expenditure by Irish Residents on Domestic Travel","2014Q3","State","Thousand","693.9"
"Estimated Expenditure by Irish Residents on Domestic Travel","2014Q3","Border, Midland and Western","Thousand","228.6"
"Estimated Expenditure by Irish Residents on Domestic Travel","2014Q3","Border","Thousand",""
"Estimated Expenditure by Irish Residents on Domestic Travel","2014Q3","Midland","Thousand",""
"Estimated Expenditure by Irish Residents on Domestic Travel","2014Q3","West","Thousand",""
"Estimated Expenditure by Irish Residents on Domestic Travel","2014Q3","Southern and Eastern","Thousand","465.2"
"Estimated Expenditure by Irish Residents on Domestic Travel","2014Q3","Dublin","Thousand",""
"Estimated Expenditure by Irish Residents on Domestic Travel","2014Q3","Mid-East","Thousand",""
"Estimated Expenditure by Irish Residents on Domestic Travel","2014Q3","Mid-West","Thousand",""
"Estimated Expenditure by Irish Residents on Domestic Travel","2014Q3","South-East","Thousand",""
"Estimated Expenditure by Irish Residents on Domestic Travel","2014Q3","South-West","Thousand",""
"Estimated Expenditure by Irish Residents on Domestic Travel","2014Q4","State","Thousand","373"
"Estimated Expenditure by Irish Residents on Domestic Travel","2014Q4","Border, Midland and Western","Thousand","134.4"
"Estimated Expenditure by Irish Residents on Domestic Travel","2014Q4","Border","Thousand",""
"Estimated Expenditure by Irish Residents on Domestic Travel","2014Q4","Midland","Thousand",""
"Estimated Expenditure by Irish Residents on Domestic Travel","2014Q4","West","Thousand",""
"Estimated Expenditure by Irish Residents on Domestic Travel","2014Q4","Southern and Eastern","Thousand","238.6"
"Estimated Expenditure by Irish Residents on Domestic Travel","2014Q4","Dublin","Thousand",""
"Estimated Expenditure by Irish Residents on Domestic Travel","2014Q4","Mid-East","Thousand",""
"Estimated Expenditure by Irish Residents on Domestic Travel","2014Q4","Mid-West","Thousand",""
"Estimated Expenditure by Irish Residents on Domestic Travel","2014Q4","South-East","Thousand",""
"Estimated Expenditure by Irish Residents on Domestic Travel","2014Q4","South-West","Thousand",""
"Estimated Expenditure by Irish Residents on Domestic Travel","2015Q1","State","Thousand","269.1"
"Estimated Expenditure by Irish Residents on Domestic Travel","2015Q1","Border, Midland and Western","Thousand","88.4"
"Estimated Expenditure by Irish Residents on Domestic Travel","2015Q1","Border","Thousand",""
"Estimated Expenditure by Irish Residents on Domestic Travel","2015Q1","Midland","Thousand",""
"Estimated Expenditure by Irish Residents on Domestic Travel","2015Q1","West","Thousand",""
"Estimated Expenditure by Irish Residents on Domestic Travel","2015Q1","Southern and Eastern","Thousand","180.7"
"Estimated Expenditure by Irish Residents on Domestic Travel","2015Q1","Dublin","Thousand",""
"Estimated Expenditure by Irish Residents on Domestic Travel","2015Q1","Mid-East","Thousand",""
"Estimated Expenditure by Irish Residents on Domestic Travel","2015Q1","Mid-West","Thousand",""
"Estimated Expenditure by Irish Residents on Domestic Travel","2015Q1","South-East","Thousand",""
"Estimated Expenditure by Irish Residents on Domestic Travel","2015Q1","South-West","Thousand",""
"Estimated Expenditure by Irish Residents on Domestic Travel","2015Q2","State","Thousand","393.6"
"Estimated Expenditure by Irish Residents on Domestic Travel","2015Q2","Border, Midland and Western","Thousand","120.3"
"Estimated Expenditure by Irish Residents on Domestic Travel","2015Q2","Border","Thousand",""
"Estimated Expenditure by Irish Residents on Domestic Travel","2015Q2","Midland","Thousand",""
"Estimated Expenditure by Irish Residents on Domestic Travel","2015Q2","West","Thousand",""
"Estimated Expenditure by Irish Residents on Domestic Travel","2015Q2","Southern and Eastern","Thousand","273.3"
"Estimated Expenditure by Irish Residents on Domestic Travel","2015Q2","Dublin","Thousand",""
"Estimated Expenditure by Irish Residents on Domestic Travel","2015Q2","Mid-East","Thousand",""
"Estimated Expenditure by Irish Residents on Domestic Travel","2015Q2","Mid-West","Thousand",""
"Estimated Expenditure by Irish Residents on Domestic Travel","2015Q2","South-East","Thousand",""
"Estimated Expenditure by Irish Residents on Domestic Travel","2015Q2","South-West","Thousand",""
"Estimated Expenditure by Irish Residents on Domestic Travel","2015Q3","State","Thousand","701.9"
"Estimated Expenditure by Irish Residents on Domestic Travel","2015Q3","Border, Midland and Western","Thousand","250"
"Estimated Expenditure by Irish Residents on Domestic Travel","2015Q3","Border","Thousand",""
"Estimated Expenditure by Irish Residents on Domestic Travel","2015Q3","Midland","Thousand",""
"Estimated Expenditure by Irish Residents on Domestic Travel","2015Q3","West","Thousand",""
"Estimated Expenditure by Irish Residents on Domestic Travel","2015Q3","Southern and Eastern","Thousand","451.9"
"Estimated Expenditure by Irish Residents on Domestic Travel","2015Q3","Dublin","Thousand",""
"Estimated Expenditure by Irish Residents on Domestic Travel","2015Q3","Mid-East","Thousand",""
"Estimated Expenditure by Irish Residents on Domestic Travel","2015Q3","Mid-West","Thousand",""
"Estimated Expenditure by Irish Residents on Domestic Travel","2015Q3","South-East","Thousand",""
"Estimated Expenditure by Irish Residents on Domestic Travel","2015Q3","South-West","Thousand",""
"Estimated Expenditure by Irish Residents on Domestic Travel","2015Q4","State","Thousand","360.6"
"Estimated Expenditure by Irish Residents on Domestic Travel","2015Q4","Border, Midland and Western","Thousand","100.7"
"Estimated Expenditure by Irish Residents on Domestic Travel","2015Q4","Border","Thousand",""
"Estimated Expenditure by Irish Residents on Domestic Travel","2015Q4","Midland","Thousand",""
"Estimated Expenditure by Irish Residents on Domestic Travel","2015Q4","West","Thousand",""
"Estimated Expenditure by Irish Residents on Domestic Travel","2015Q4","Southern and Eastern","Thousand","259.9"
"Estimated Expenditure by Irish Residents on Domestic Travel","2015Q4","Dublin","Thousand",""
"Estimated Expenditure by Irish Residents on Domestic Travel","2015Q4","Mid-East","Thousand",""
"Estimated Expenditure by Irish Residents on Domestic Travel","2015Q4","Mid-West","Thousand",""
"Estimated Expenditure by Irish Residents on Domestic Travel","2015Q4","South-East","Thousand",""
"Estimated Expenditure by Irish Residents on Domestic Travel","2015Q4","South-West","Thousand",""
"Estimated Expenditure by Irish Residents on Domestic Travel","2016Q1","State","Thousand","331.1"
"Estimated Expenditure by Irish Residents on Domestic Travel","2016Q1","Border, Midland and Western","Thousand","108.7"
"Estimated Expenditure by Irish Residents on Domestic Travel","2016Q1","Border","Thousand",""
"Estimated Expenditure by Irish Residents on Domestic Travel","2016Q1","Midland","Thousand",""
"Estimated Expenditure by Irish Residents on Domestic Travel","2016Q1","West","Thousand",""
"Estimated Expenditure by Irish Residents on Domestic Travel","2016Q1","Southern and Eastern","Thousand","222.4"
"Estimated Expenditure by Irish Residents on Domestic Travel","2016Q1","Dublin","Thousand",""
"Estimated Expenditure by Irish Residents on Domestic Travel","2016Q1","Mid-East","Thousand",""
"Estimated Expenditure by Irish Residents on Domestic Travel","2016Q1","Mid-West","Thousand",""
"Estimated Expenditure by Irish Residents on Domestic Travel","2016Q1","South-East","Thousand",""
"Estimated Expenditure by Irish Residents on Domestic Travel","2016Q1","South-West","Thousand",""
"Estimated Expenditure by Irish Residents on Domestic Travel","2016Q2","State","Thousand","370"
"Estimated Expenditure by Irish Residents on Domestic Travel","2016Q2","Border, Midland and Western","Thousand","115.9"
"Estimated Expenditure by Irish Residents on Domestic Travel","2016Q2","Border","Thousand",""
"Estimated Expenditure by Irish Residents on Domestic Travel","2016Q2","Midland","Thousand",""
"Estimated Expenditure by Irish Residents on Domestic Travel","2016Q2","West","Thousand",""
"Estimated Expenditure by Irish Residents on Domestic Travel","2016Q2","Southern and Eastern","Thousand","254"
"Estimated Expenditure by Irish Residents on Domestic Travel","2016Q2","Dublin","Thousand",""
"Estimated Expenditure by Irish Residents on Domestic Travel","2016Q2","Mid-East","Thousand",""
"Estimated Expenditure by Irish Residents on Domestic Travel","2016Q2","Mid-West","Thousand",""
"Estimated Expenditure by Irish Residents on Domestic Travel","2016Q2","South-East","Thousand",""
"Estimated Expenditure by Irish Residents on Domestic Travel","2016Q2","South-West","Thousand",""
"Estimated Expenditure by Irish Residents on Domestic Travel","2016Q3","State","Thousand","699.4"
"Estimated Expenditure by Irish Residents on Domestic Travel","2016Q3","Border, Midland and Western","Thousand","211.1"
"Estimated Expenditure by Irish Residents on Domestic Travel","2016Q3","Border","Thousand",""
"Estimated Expenditure by Irish Residents on Domestic Travel","2016Q3","Midland","Thousand",""
"Estimated Expenditure by Irish Residents on Domestic Travel","2016Q3","West","Thousand",""
"Estimated Expenditure by Irish Residents on Domestic Travel","2016Q3","Southern and Eastern","Thousand","488.4"
"Estimated Expenditure by Irish Residents on Domestic Travel","2016Q3","Dublin","Thousand",""
"Estimated Expenditure by Irish Residents on Domestic Travel","2016Q3","Mid-East","Thousand",""
"Estimated Expenditure by Irish Residents on Domestic Travel","2016Q3","Mid-West","Thousand",""
"Estimated Expenditure by Irish Residents on Domestic Travel","2016Q3","South-East","Thousand",""
"Estimated Expenditure by Irish Residents on Domestic Travel","2016Q3","South-West","Thousand",""
"Estimated Expenditure by Irish Residents on Domestic Travel","2016Q4","State","Thousand","397.2"
"Estimated Expenditure by Irish Residents on Domestic Travel","2016Q4","Border, Midland and Western","Thousand","148.5"
"Estimated Expenditure by Irish Residents on Domestic Travel","2016Q4","Border","Thousand",""
"Estimated Expenditure by Irish Residents on Domestic Travel","2016Q4","Midland","Thousand",""
"Estimated Expenditure by Irish Residents on Domestic Travel","2016Q4","West","Thousand",""
"Estimated Expenditure by Irish Residents on Domestic Travel","2016Q4","Southern and Eastern","Thousand","248.7"
"Estimated Expenditure by Irish Residents on Domestic Travel","2016Q4","Dublin","Thousand",""
"Estimated Expenditure by Irish Residents on Domestic Travel","2016Q4","Mid-East","Thousand",""
"Estimated Expenditure by Irish Residents on Domestic Travel","2016Q4","Mid-West","Thousand",""
"Estimated Expenditure by Irish Residents on Domestic Travel","2016Q4","South-East","Thousand",""
"Estimated Expenditure by Irish Residents on Domestic Travel","2016Q4","South-West","Thousand",""
"Estimated Expenditure by Irish Residents on Domestic Travel","2017Q1","State","Thousand","352.9"
"Estimated Expenditure by Irish Residents on Domestic Travel","2017Q1","Border, Midland and Western","Thousand","110"
"Estimated Expenditure by Irish Residents on Domestic Travel","2017Q1","Border","Thousand",""
"Estimated Expenditure by Irish Residents on Domestic Travel","2017Q1","Midland","Thousand",""
"Estimated Expenditure by Irish Residents on Domestic Travel","2017Q1","West","Thousand",""
"Estimated Expenditure by Irish Residents on Domestic Travel","2017Q1","Southern and Eastern","Thousand","242.9"
"Estimated Expenditure by Irish Residents on Domestic Travel","2017Q1","Dublin","Thousand",""
"Estimated Expenditure by Irish Residents on Domestic Travel","2017Q1","Mid-East","Thousand",""
"Estimated Expenditure by Irish Residents on Domestic Travel","2017Q1","Mid-West","Thousand",""
"Estimated Expenditure by Irish Residents on Domestic Travel","2017Q1","South-East","Thousand",""
"Estimated Expenditure by Irish Residents on Domestic Travel","2017Q1","South-West","Thousand",""
"Estimated Expenditure by Irish Residents on Domestic Travel","2017Q2","State","Thousand","456"
"Estimated Expenditure by Irish Residents on Domestic Travel","2017Q2","Border, Midland and Western","Thousand","155"
"Estimated Expenditure by Irish Residents on Domestic Travel","2017Q2","Border","Thousand",""
"Estimated Expenditure by Irish Residents on Domestic Travel","2017Q2","Midland","Thousand",""
"Estimated Expenditure by Irish Residents on Domestic Travel","2017Q2","West","Thousand",""
"Estimated Expenditure by Irish Residents on Domestic Travel","2017Q2","Southern and Eastern","Thousand","301"
"Estimated Expenditure by Irish Residents on Domestic Travel","2017Q2","Dublin","Thousand",""
"Estimated Expenditure by Irish Residents on Domestic Travel","2017Q2","Mid-East","Thousand",""
"Estimated Expenditure by Irish Residents on Domestic Travel","2017Q2","Mid-West","Thousand",""
"Estimated Expenditure by Irish Residents on Domestic Travel","2017Q2","South-East","Thousand",""
"Estimated Expenditure by Irish Residents on Domestic Travel","2017Q2","South-West","Thousand",""
"Estimated Expenditure by Irish Residents on Domestic Travel","2017Q3","State","Thousand","664.4"
"Estimated Expenditure by Irish Residents on Domestic Travel","2017Q3","Border, Midland and Western","Thousand","238.3"
"Estimated Expenditure by Irish Residents on Domestic Travel","2017Q3","Border","Thousand",""
"Estimated Expenditure by Irish Residents on Domestic Travel","2017Q3","Midland","Thousand",""
"Estimated Expenditure by Irish Residents on Domestic Travel","2017Q3","West","Thousand",""
"Estimated Expenditure by Irish Residents on Domestic Travel","2017Q3","Southern and Eastern","Thousand","426.1"
"Estimated Expenditure by Irish Residents on Domestic Travel","2017Q3","Dublin","Thousand",""
"Estimated Expenditure by Irish Residents on Domestic Travel","2017Q3","Mid-East","Thousand",""
"Estimated Expenditure by Irish Residents on Domestic Travel","2017Q3","Mid-West","Thousand",""
"Estimated Expenditure by Irish Residents on Domestic Travel","2017Q3","South-East","Thousand",""
"Estimated Expenditure by Irish Residents on Domestic Travel","2017Q3","South-West","Thousand",""
"Estimated Expenditure by Irish Residents on Domestic Travel","2017Q4","State","Thousand","405.7"
"Estimated Expenditure by Irish Residents on Domestic Travel","2017Q4","Border, Midland and Western","Thousand","109.9"
"Estimated Expenditure by Irish Residents on Domestic Travel","2017Q4","Border","Thousand",""
"Estimated Expenditure by Irish Residents on Domestic Travel","2017Q4","Midland","Thousand",""
"Estimated Expenditure by Irish Residents on Domestic Travel","2017Q4","West","Thousand",""
"Estimated Expenditure by Irish Residents on Domestic Travel","2017Q4","Southern and Eastern","Thousand","295.8"
"Estimated Expenditure by Irish Residents on Domestic Travel","2017Q4","Dublin","Thousand",""
"Estimated Expenditure by Irish Residents on Domestic Travel","2017Q4","Mid-East","Thousand",""
"Estimated Expenditure by Irish Residents on Domestic Travel","2017Q4","Mid-West","Thousand",""
"Estimated Expenditure by Irish Residents on Domestic Travel","2017Q4","South-East","Thousand",""
"Estimated Expenditure by Irish Residents on Domestic Travel","2017Q4","South-West","Thousand",""
