"Statistic Label","Month","Residency","Expenditure Type","UNIT","VALUE"
"Expenditure of Overnight Foreign Visitors","2023 April","Great Britain (England, Scotland & Wales)","Fare","Euro Million","28.3"
"Expenditure of Overnight Foreign Visitors","2023 April","Great Britain (England, Scotland & Wales)","Prepayments","Euro Million","1.9"
"Expenditure of Overnight Foreign Visitors","2023 April","Great Britain (England, Scotland & Wales)","Accommodation","Euro Million","27.9"
"Expenditure of Overnight Foreign Visitors","2023 April","Great Britain (England, Scotland & Wales)","Day-to-Day Expenditure","Euro Million","57.8"
"Expenditure of Overnight Foreign Visitors","2023 April","Great Britain (England, Scotland & Wales)","All Travel Expenditure","Euro Million","116"
"Expenditure of Overnight Foreign Visitors","2023 April","Other Europe (3)","Fare","Euro Million","30.7"
"Expenditure of Overnight Foreign Visitors","2023 April","Other Europe (3)","Prepayments","Euro Million","3.3"
"Expenditure of Overnight Foreign Visitors","2023 April","Other Europe (3)","Accommodation","Euro Million","56.7"
"Expenditure of Overnight Foreign Visitors","2023 April","Other Europe (3)","Day-to-Day Expenditure","Euro Million","72.9"
"Expenditure of Overnight Foreign Visitors","2023 April","Other Europe (3)","All Travel Expenditure","Euro Million","163.6"
"Expenditure of Overnight Foreign Visitors","2023 April","USA & Canada","Fare","Euro Million","55.8"
"Expenditure of Overnight Foreign Visitors","2023 April","USA & Canada","Prepayments","Euro Million","5.7"
"Expenditure of Overnight Foreign Visitors","2023 April","USA & Canada","Accommodation","Euro Million","51.8"
"Expenditure of Overnight Foreign Visitors","2023 April","USA & Canada","Day-to-Day Expenditure","Euro Million","65.6"
"Expenditure of Overnight Foreign Visitors","2023 April","USA & Canada","All Travel Expenditure","Euro Million","178.9"
"Expenditure of Overnight Foreign Visitors","2023 April","Other Residencies","Fare","Euro Million","8.2"
"Expenditure of Overnight Foreign Visitors","2023 April","Other Residencies","Prepayments","Euro Million","1.1"
"Expenditure of Overnight Foreign Visitors","2023 April","Other Residencies","Accommodation","Euro Million","9.9"
"Expenditure of Overnight Foreign Visitors","2023 April","Other Residencies","Day-to-Day Expenditure","Euro Million","16"
"Expenditure of Overnight Foreign Visitors","2023 April","Other Residencies","All Travel Expenditure","Euro Million","35.2"
"Expenditure of Overnight Foreign Visitors","2023 April","All Residencies","Fare","Euro Million","123.1"
"Expenditure of Overnight Foreign Visitors","2023 April","All Residencies","Prepayments","Euro Million","12.1"
"Expenditure of Overnight Foreign Visitors","2023 April","All Residencies","Accommodation","Euro Million","146.3"
"Expenditure of Overnight Foreign Visitors","2023 April","All Residencies","Day-to-Day Expenditure","Euro Million","212.3"
"Expenditure of Overnight Foreign Visitors","2023 April","All Residencies","All Travel Expenditure","Euro Million","493.8"
"Expenditure of Overnight Foreign Visitors","2023 May","Great Britain (England, Scotland & Wales)","Fare","Euro Million","28.8"
"Expenditure of Overnight Foreign Visitors","2023 May","Great Britain (England, Scotland & Wales)","Prepayments","Euro Million","3.2"
"Expenditure of Overnight Foreign Visitors","2023 May","Great Britain (England, Scotland & Wales)","Accommodation","Euro Million","35.5"
"Expenditure of Overnight Foreign Visitors","2023 May","Great Britain (England, Scotland & Wales)","Day-to-Day Expenditure","Euro Million","56.5"
"Expenditure of Overnight Foreign Visitors","2023 May","Great Britain (England, Scotland & Wales)","All Travel Expenditure","Euro Million","123.9"
"Expenditure of Overnight Foreign Visitors","2023 May","Other Europe (3)","Fare","Euro Million","41.3"
"Expenditure of Overnight Foreign Visitors","2023 May","Other Europe (3)","Prepayments","Euro Million","4"
"Expenditure of Overnight Foreign Visitors","2023 May","Other Europe (3)","Accommodation","Euro Million","91"
"Expenditure of Overnight Foreign Visitors","2023 May","Other Europe (3)","Day-to-Day Expenditure","Euro Million","92.1"
"Expenditure of Overnight Foreign Visitors","2023 May","Other Europe (3)","All Travel Expenditure","Euro Million","228.4"
"Expenditure of Overnight Foreign Visitors","2023 May","USA & Canada","Fare","Euro Million","72"
"Expenditure of Overnight Foreign Visitors","2023 May","USA & Canada","Prepayments","Euro Million","9.9"
"Expenditure of Overnight Foreign Visitors","2023 May","USA & Canada","Accommodation","Euro Million","86.3"
"Expenditure of Overnight Foreign Visitors","2023 May","USA & Canada","Day-to-Day Expenditure","Euro Million","71"
"Expenditure of Overnight Foreign Visitors","2023 May","USA & Canada","All Travel Expenditure","Euro Million","239.2"
"Expenditure of Overnight Foreign Visitors","2023 May","Other Residencies","Fare","Euro Million","8.8"
"Expenditure of Overnight Foreign Visitors","2023 May","Other Residencies","Prepayments","Euro Million","0.9"
"Expenditure of Overnight Foreign Visitors","2023 May","Other Residencies","Accommodation","Euro Million","9.4"
"Expenditure of Overnight Foreign Visitors","2023 May","Other Residencies","Day-to-Day Expenditure","Euro Million","17.7"
"Expenditure of Overnight Foreign Visitors","2023 May","Other Residencies","All Travel Expenditure","Euro Million","36.8"
"Expenditure of Overnight Foreign Visitors","2023 May","All Residencies","Fare","Euro Million","150.9"
"Expenditure of Overnight Foreign Visitors","2023 May","All Residencies","Prepayments","Euro Million","17.9"
"Expenditure of Overnight Foreign Visitors","2023 May","All Residencies","Accommodation","Euro Million","222.2"
"Expenditure of Overnight Foreign Visitors","2023 May","All Residencies","Day-to-Day Expenditure","Euro Million","237.3"
"Expenditure of Overnight Foreign Visitors","2023 May","All Residencies","All Travel Expenditure","Euro Million","628.3"
"Expenditure of Overnight Foreign Visitors","2023 June","Great Britain (England, Scotland & Wales)","Fare","Euro Million","37.5"
"Expenditure of Overnight Foreign Visitors","2023 June","Great Britain (England, Scotland & Wales)","Prepayments","Euro Million","5.9"
"Expenditure of Overnight Foreign Visitors","2023 June","Great Britain (England, Scotland & Wales)","Accommodation","Euro Million","44.8"
"Expenditure of Overnight Foreign Visitors","2023 June","Great Britain (England, Scotland & Wales)","Day-to-Day Expenditure","Euro Million","67.8"
"Expenditure of Overnight Foreign Visitors","2023 June","Great Britain (England, Scotland & Wales)","All Travel Expenditure","Euro Million","156"
"Expenditure of Overnight Foreign Visitors","2023 June","Other Europe (3)","Fare","Euro Million","42.5"
"Expenditure of Overnight Foreign Visitors","2023 June","Other Europe (3)","Prepayments","Euro Million","4.2"
"Expenditure of Overnight Foreign Visitors","2023 June","Other Europe (3)","Accommodation","Euro Million","77.6"
"Expenditure of Overnight Foreign Visitors","2023 June","Other Europe (3)","Day-to-Day Expenditure","Euro Million","96.8"
"Expenditure of Overnight Foreign Visitors","2023 June","Other Europe (3)","All Travel Expenditure","Euro Million","221.1"
"Expenditure of Overnight Foreign Visitors","2023 June","USA & Canada","Fare","Euro Million","145.6"
"Expenditure of Overnight Foreign Visitors","2023 June","USA & Canada","Prepayments","Euro Million","14.9"
"Expenditure of Overnight Foreign Visitors","2023 June","USA & Canada","Accommodation","Euro Million","132.8"
"Expenditure of Overnight Foreign Visitors","2023 June","USA & Canada","Day-to-Day Expenditure","Euro Million","115.8"
"Expenditure of Overnight Foreign Visitors","2023 June","USA & Canada","All Travel Expenditure","Euro Million","409.1"
"Expenditure of Overnight Foreign Visitors","2023 June","Other Residencies","Fare","Euro Million","14.6"
"Expenditure of Overnight Foreign Visitors","2023 June","Other Residencies","Prepayments","Euro Million","0.8"
"Expenditure of Overnight Foreign Visitors","2023 June","Other Residencies","Accommodation","Euro Million","14.4"
"Expenditure of Overnight Foreign Visitors","2023 June","Other Residencies","Day-to-Day Expenditure","Euro Million","25.1"
"Expenditure of Overnight Foreign Visitors","2023 June","Other Residencies","All Travel Expenditure","Euro Million","54.9"
"Expenditure of Overnight Foreign Visitors","2023 June","All Residencies","Fare","Euro Million","240.2"
"Expenditure of Overnight Foreign Visitors","2023 June","All Residencies","Prepayments","Euro Million","25.8"
"Expenditure of Overnight Foreign Visitors","2023 June","All Residencies","Accommodation","Euro Million","269.7"
"Expenditure of Overnight Foreign Visitors","2023 June","All Residencies","Day-to-Day Expenditure","Euro Million","305.6"
"Expenditure of Overnight Foreign Visitors","2023 June","All Residencies","All Travel Expenditure","Euro Million","841.2"
"Expenditure of Overnight Foreign Visitors","2023 July","Great Britain (England, Scotland & Wales)","Fare","Euro Million","41.1"
"Expenditure of Overnight Foreign Visitors","2023 July","Great Britain (England, Scotland & Wales)","Prepayments","Euro Million","3.2"
"Expenditure of Overnight Foreign Visitors","2023 July","Great Britain (England, Scotland & Wales)","Accommodation","Euro Million","41.3"
"Expenditure of Overnight Foreign Visitors","2023 July","Great Britain (England, Scotland & Wales)","Day-to-Day Expenditure","Euro Million","85.8"
"Expenditure of Overnight Foreign Visitors","2023 July","Great Britain (England, Scotland & Wales)","All Travel Expenditure","Euro Million","171.3"
"Expenditure of Overnight Foreign Visitors","2023 July","Other Europe (3)","Fare","Euro Million","48.1"
"Expenditure of Overnight Foreign Visitors","2023 July","Other Europe (3)","Prepayments","Euro Million","8"
"Expenditure of Overnight Foreign Visitors","2023 July","Other Europe (3)","Accommodation","Euro Million","90.7"
"Expenditure of Overnight Foreign Visitors","2023 July","Other Europe (3)","Day-to-Day Expenditure","Euro Million","106"
"Expenditure of Overnight Foreign Visitors","2023 July","Other Europe (3)","All Travel Expenditure","Euro Million","252.8"
"Expenditure of Overnight Foreign Visitors","2023 July","USA & Canada","Fare","Euro Million","144"
"Expenditure of Overnight Foreign Visitors","2023 July","USA & Canada","Prepayments","Euro Million","14.4"
"Expenditure of Overnight Foreign Visitors","2023 July","USA & Canada","Accommodation","Euro Million","124.7"
"Expenditure of Overnight Foreign Visitors","2023 July","USA & Canada","Day-to-Day Expenditure","Euro Million","97.2"
"Expenditure of Overnight Foreign Visitors","2023 July","USA & Canada","All Travel Expenditure","Euro Million","380.2"
"Expenditure of Overnight Foreign Visitors","2023 July","Other Residencies","Fare","Euro Million","20.9"
"Expenditure of Overnight Foreign Visitors","2023 July","Other Residencies","Prepayments","Euro Million","2"
"Expenditure of Overnight Foreign Visitors","2023 July","Other Residencies","Accommodation","Euro Million","15.3"
"Expenditure of Overnight Foreign Visitors","2023 July","Other Residencies","Day-to-Day Expenditure","Euro Million","32.9"
"Expenditure of Overnight Foreign Visitors","2023 July","Other Residencies","All Travel Expenditure","Euro Million","71.1"
"Expenditure of Overnight Foreign Visitors","2023 July","All Residencies","Fare","Euro Million","254.1"
"Expenditure of Overnight Foreign Visitors","2023 July","All Residencies","Prepayments","Euro Million","27.6"
"Expenditure of Overnight Foreign Visitors","2023 July","All Residencies","Accommodation","Euro Million","272"
"Expenditure of Overnight Foreign Visitors","2023 July","All Residencies","Day-to-Day Expenditure","Euro Million","321.7"
"Expenditure of Overnight Foreign Visitors","2023 July","All Residencies","All Travel Expenditure","Euro Million","875.4"
"Expenditure of Overnight Foreign Visitors","2023 August","Great Britain (England, Scotland & Wales)","Fare","Euro Million","44.2"
"Expenditure of Overnight Foreign Visitors","2023 August","Great Britain (England, Scotland & Wales)","Prepayments","Euro Million","4.7"
"Expenditure of Overnight Foreign Visitors","2023 August","Great Britain (England, Scotland & Wales)","Accommodation","Euro Million","44.3"
"Expenditure of Overnight Foreign Visitors","2023 August","Great Britain (England, Scotland & Wales)","Day-to-Day Expenditure","Euro Million","83.4"
"Expenditure of Overnight Foreign Visitors","2023 August","Great Britain (England, Scotland & Wales)","All Travel Expenditure","Euro Million","176.6"
"Expenditure of Overnight Foreign Visitors","2023 August","Other Europe (3)","Fare","Euro Million","60.7"
"Expenditure of Overnight Foreign Visitors","2023 August","Other Europe (3)","Prepayments","Euro Million","15.9"
"Expenditure of Overnight Foreign Visitors","2023 August","Other Europe (3)","Accommodation","Euro Million","131.4"
"Expenditure of Overnight Foreign Visitors","2023 August","Other Europe (3)","Day-to-Day Expenditure","Euro Million","155.9"
"Expenditure of Overnight Foreign Visitors","2023 August","Other Europe (3)","All Travel Expenditure","Euro Million","363.9"
"Expenditure of Overnight Foreign Visitors","2023 August","USA & Canada","Fare","Euro Million","138.2"
"Expenditure of Overnight Foreign Visitors","2023 August","USA & Canada","Prepayments","Euro Million","19.5"
"Expenditure of Overnight Foreign Visitors","2023 August","USA & Canada","Accommodation","Euro Million","126.1"
"Expenditure of Overnight Foreign Visitors","2023 August","USA & Canada","Day-to-Day Expenditure","Euro Million","91.7"
"Expenditure of Overnight Foreign Visitors","2023 August","USA & Canada","All Travel Expenditure","Euro Million","375.6"
"Expenditure of Overnight Foreign Visitors","2023 August","Other Residencies","Fare","Euro Million","19.7"
"Expenditure of Overnight Foreign Visitors","2023 August","Other Residencies","Prepayments","Euro Million","5.4"
"Expenditure of Overnight Foreign Visitors","2023 August","Other Residencies","Accommodation","Euro Million","13.7"
"Expenditure of Overnight Foreign Visitors","2023 August","Other Residencies","Day-to-Day Expenditure","Euro Million","41.2"
"Expenditure of Overnight Foreign Visitors","2023 August","Other Residencies","All Travel Expenditure","Euro Million","80"
"Expenditure of Overnight Foreign Visitors","2023 August","All Residencies","Fare","Euro Million","262.9"
"Expenditure of Overnight Foreign Visitors","2023 August","All Residencies","Prepayments","Euro Million","45.6"
"Expenditure of Overnight Foreign Visitors","2023 August","All Residencies","Accommodation","Euro Million","315.5"
"Expenditure of Overnight Foreign Visitors","2023 August","All Residencies","Day-to-Day Expenditure","Euro Million","372.2"
"Expenditure of Overnight Foreign Visitors","2023 August","All Residencies","All Travel Expenditure","Euro Million","996.1"
"Expenditure of Overnight Foreign Visitors","2023 September","Great Britain (England, Scotland & Wales)","Fare","Euro Million","35.7"
"Expenditure of Overnight Foreign Visitors","2023 September","Great Britain (England, Scotland & Wales)","Prepayments","Euro Million","4.6"
"Expenditure of Overnight Foreign Visitors","2023 September","Great Britain (England, Scotland & Wales)","Accommodation","Euro Million","50.5"
"Expenditure of Overnight Foreign Visitors","2023 September","Great Britain (England, Scotland & Wales)","Day-to-Day Expenditure","Euro Million","68.7"
"Expenditure of Overnight Foreign Visitors","2023 September","Great Britain (England, Scotland & Wales)","All Travel Expenditure","Euro Million","159.5"
"Expenditure of Overnight Foreign Visitors","2023 September","Other Europe (3)","Fare","Euro Million","39.1"
"Expenditure of Overnight Foreign Visitors","2023 September","Other Europe (3)","Prepayments","Euro Million","6.8"
"Expenditure of Overnight Foreign Visitors","2023 September","Other Europe (3)","Accommodation","Euro Million","88.2"
"Expenditure of Overnight Foreign Visitors","2023 September","Other Europe (3)","Day-to-Day Expenditure","Euro Million","88.3"
"Expenditure of Overnight Foreign Visitors","2023 September","Other Europe (3)","All Travel Expenditure","Euro Million","222.5"
"Expenditure of Overnight Foreign Visitors","2023 September","USA & Canada","Fare","Euro Million","103"
"Expenditure of Overnight Foreign Visitors","2023 September","USA & Canada","Prepayments","Euro Million","18.7"
"Expenditure of Overnight Foreign Visitors","2023 September","USA & Canada","Accommodation","Euro Million","118.4"
"Expenditure of Overnight Foreign Visitors","2023 September","USA & Canada","Day-to-Day Expenditure","Euro Million","88.8"
"Expenditure of Overnight Foreign Visitors","2023 September","USA & Canada","All Travel Expenditure","Euro Million","328.9"
"Expenditure of Overnight Foreign Visitors","2023 September","Other Residencies","Fare","Euro Million","22.2"
"Expenditure of Overnight Foreign Visitors","2023 September","Other Residencies","Prepayments","Euro Million","3.5"
"Expenditure of Overnight Foreign Visitors","2023 September","Other Residencies","Accommodation","Euro Million","25.1"
"Expenditure of Overnight Foreign Visitors","2023 September","Other Residencies","Day-to-Day Expenditure","Euro Million","38.3"
"Expenditure of Overnight Foreign Visitors","2023 September","Other Residencies","All Travel Expenditure","Euro Million","89.2"
"Expenditure of Overnight Foreign Visitors","2023 September","All Residencies","Fare","Euro Million","200.1"
"Expenditure of Overnight Foreign Visitors","2023 September","All Residencies","Prepayments","Euro Million","33.6"
"Expenditure of Overnight Foreign Visitors","2023 September","All Residencies","Accommodation","Euro Million","282.2"
"Expenditure of Overnight Foreign Visitors","2023 September","All Residencies","Day-to-Day Expenditure","Euro Million","284.2"
"Expenditure of Overnight Foreign Visitors","2023 September","All Residencies","All Travel Expenditure","Euro Million","800.1"
"Expenditure of Overnight Foreign Visitors","2023 October","Great Britain (England, Scotland & Wales)","Fare","Euro Million","28"
"Expenditure of Overnight Foreign Visitors","2023 October","Great Britain (England, Scotland & Wales)","Prepayments","Euro Million","4.2"
"Expenditure of Overnight Foreign Visitors","2023 October","Great Britain (England, Scotland & Wales)","Accommodation","Euro Million","37"
"Expenditure of Overnight Foreign Visitors","2023 October","Great Britain (England, Scotland & Wales)","Day-to-Day Expenditure","Euro Million","52.9"
"Expenditure of Overnight Foreign Visitors","2023 October","Great Britain (England, Scotland & Wales)","All Travel Expenditure","Euro Million","122.1"
"Expenditure of Overnight Foreign Visitors","2023 October","Other Europe (3)","Fare","Euro Million","36.5"
"Expenditure of Overnight Foreign Visitors","2023 October","Other Europe (3)","Prepayments","Euro Million","5.4"
"Expenditure of Overnight Foreign Visitors","2023 October","Other Europe (3)","Accommodation","Euro Million","69.4"
"Expenditure of Overnight Foreign Visitors","2023 October","Other Europe (3)","Day-to-Day Expenditure","Euro Million","75.9"
"Expenditure of Overnight Foreign Visitors","2023 October","Other Europe (3)","All Travel Expenditure","Euro Million","187.2"
"Expenditure of Overnight Foreign Visitors","2023 October","USA & Canada","Fare","Euro Million","99.8"
"Expenditure of Overnight Foreign Visitors","2023 October","USA & Canada","Prepayments","Euro Million","18.2"
"Expenditure of Overnight Foreign Visitors","2023 October","USA & Canada","Accommodation","Euro Million","107.4"
"Expenditure of Overnight Foreign Visitors","2023 October","USA & Canada","Day-to-Day Expenditure","Euro Million","87.9"
"Expenditure of Overnight Foreign Visitors","2023 October","USA & Canada","All Travel Expenditure","Euro Million","313.4"
"Expenditure of Overnight Foreign Visitors","2023 October","Other Residencies","Fare","Euro Million","15"
"Expenditure of Overnight Foreign Visitors","2023 October","Other Residencies","Prepayments","Euro Million","2"
"Expenditure of Overnight Foreign Visitors","2023 October","Other Residencies","Accommodation","Euro Million","24.2"
"Expenditure of Overnight Foreign Visitors","2023 October","Other Residencies","Day-to-Day Expenditure","Euro Million","31.2"
"Expenditure of Overnight Foreign Visitors","2023 October","Other Residencies","All Travel Expenditure","Euro Million","72.5"
"Expenditure of Overnight Foreign Visitors","2023 October","All Residencies","Fare","Euro Million","179.3"
"Expenditure of Overnight Foreign Visitors","2023 October","All Residencies","Prepayments","Euro Million","29.8"
"Expenditure of Overnight Foreign Visitors","2023 October","All Residencies","Accommodation","Euro Million","238.1"
"Expenditure of Overnight Foreign Visitors","2023 October","All Residencies","Day-to-Day Expenditure","Euro Million","247.9"
"Expenditure of Overnight Foreign Visitors","2023 October","All Residencies","All Travel Expenditure","Euro Million","695.1"
"Expenditure of Overnight Foreign Visitors","2023 November","Great Britain (England, Scotland & Wales)","Fare","Euro Million","24.2"
"Expenditure of Overnight Foreign Visitors","2023 November","Great Britain (England, Scotland & Wales)","Prepayments","Euro Million","2.4"
"Expenditure of Overnight Foreign Visitors","2023 November","Great Britain (England, Scotland & Wales)","Accommodation","Euro Million","28.9"
"Expenditure of Overnight Foreign Visitors","2023 November","Great Britain (England, Scotland & Wales)","Day-to-Day Expenditure","Euro Million","47.8"
"Expenditure of Overnight Foreign Visitors","2023 November","Great Britain (England, Scotland & Wales)","All Travel Expenditure","Euro Million","103.3"
"Expenditure of Overnight Foreign Visitors","2023 November","Other Europe (3)","Fare","Euro Million","27.4"
"Expenditure of Overnight Foreign Visitors","2023 November","Other Europe (3)","Prepayments","Euro Million","2.9"
"Expenditure of Overnight Foreign Visitors","2023 November","Other Europe (3)","Accommodation","Euro Million","51.5"
"Expenditure of Overnight Foreign Visitors","2023 November","Other Europe (3)","Day-to-Day Expenditure","Euro Million","61.6"
"Expenditure of Overnight Foreign Visitors","2023 November","Other Europe (3)","All Travel Expenditure","Euro Million","143.4"
"Expenditure of Overnight Foreign Visitors","2023 November","USA & Canada","Fare","Euro Million","43.8"
"Expenditure of Overnight Foreign Visitors","2023 November","USA & Canada","Prepayments","Euro Million","6.4"
"Expenditure of Overnight Foreign Visitors","2023 November","USA & Canada","Accommodation","Euro Million","47.4"
"Expenditure of Overnight Foreign Visitors","2023 November","USA & Canada","Day-to-Day Expenditure","Euro Million","49.5"
"Expenditure of Overnight Foreign Visitors","2023 November","USA & Canada","All Travel Expenditure","Euro Million","147.1"
"Expenditure of Overnight Foreign Visitors","2023 November","Other Residencies","Fare","Euro Million","11.9"
"Expenditure of Overnight Foreign Visitors","2023 November","Other Residencies","Prepayments","Euro Million","0.5"
"Expenditure of Overnight Foreign Visitors","2023 November","Other Residencies","Accommodation","Euro Million","12"
"Expenditure of Overnight Foreign Visitors","2023 November","Other Residencies","Day-to-Day Expenditure","Euro Million","22.9"
"Expenditure of Overnight Foreign Visitors","2023 November","Other Residencies","All Travel Expenditure","Euro Million","47.3"
"Expenditure of Overnight Foreign Visitors","2023 November","All Residencies","Fare","Euro Million","107.3"
"Expenditure of Overnight Foreign Visitors","2023 November","All Residencies","Prepayments","Euro Million","12.3"
"Expenditure of Overnight Foreign Visitors","2023 November","All Residencies","Accommodation","Euro Million","139.7"
"Expenditure of Overnight Foreign Visitors","2023 November","All Residencies","Day-to-Day Expenditure","Euro Million","181.8"
"Expenditure of Overnight Foreign Visitors","2023 November","All Residencies","All Travel Expenditure","Euro Million","441.1"
"Expenditure of Overnight Foreign Visitors","2023 December","Great Britain (England, Scotland & Wales)","Fare","Euro Million","25.8"
"Expenditure of Overnight Foreign Visitors","2023 December","Great Britain (England, Scotland & Wales)","Prepayments","Euro Million","1.3"
"Expenditure of Overnight Foreign Visitors","2023 December","Great Britain (England, Scotland & Wales)","Accommodation","Euro Million","28.2"
"Expenditure of Overnight Foreign Visitors","2023 December","Great Britain (England, Scotland & Wales)","Day-to-Day Expenditure","Euro Million","52.5"
"Expenditure of Overnight Foreign Visitors","2023 December","Great Britain (England, Scotland & Wales)","All Travel Expenditure","Euro Million","107.7"
"Expenditure of Overnight Foreign Visitors","2023 December","Other Europe (3)","Fare","Euro Million","28.2"
"Expenditure of Overnight Foreign Visitors","2023 December","Other Europe (3)","Prepayments","Euro Million","5.1"
"Expenditure of Overnight Foreign Visitors","2023 December","Other Europe (3)","Accommodation","Euro Million","87.3"
"Expenditure of Overnight Foreign Visitors","2023 December","Other Europe (3)","Day-to-Day Expenditure","Euro Million","89.4"
"Expenditure of Overnight Foreign Visitors","2023 December","Other Europe (3)","All Travel Expenditure","Euro Million","209.9"
"Expenditure of Overnight Foreign Visitors","2023 December","USA & Canada","Fare","Euro Million","34.3"
"Expenditure of Overnight Foreign Visitors","2023 December","USA & Canada","Prepayments","Euro Million","5.8"
"Expenditure of Overnight Foreign Visitors","2023 December","USA & Canada","Accommodation","Euro Million","41.4"
"Expenditure of Overnight Foreign Visitors","2023 December","USA & Canada","Day-to-Day Expenditure","Euro Million","39.9"
"Expenditure of Overnight Foreign Visitors","2023 December","USA & Canada","All Travel Expenditure","Euro Million","121.4"
"Expenditure of Overnight Foreign Visitors","2023 December","Other Residencies","Fare","Euro Million","13.3"
"Expenditure of Overnight Foreign Visitors","2023 December","Other Residencies","Prepayments","Euro Million","23"
"Expenditure of Overnight Foreign Visitors","2023 December","Other Residencies","Accommodation","Euro Million","16.2"
"Expenditure of Overnight Foreign Visitors","2023 December","Other Residencies","Day-to-Day Expenditure","Euro Million","22.9"
"Expenditure of Overnight Foreign Visitors","2023 December","Other Residencies","All Travel Expenditure","Euro Million","75.4"
"Expenditure of Overnight Foreign Visitors","2023 December","All Residencies","Fare","Euro Million","101.6"
"Expenditure of Overnight Foreign Visitors","2023 December","All Residencies","Prepayments","Euro Million","35.1"
"Expenditure of Overnight Foreign Visitors","2023 December","All Residencies","Accommodation","Euro Million","173.2"
"Expenditure of Overnight Foreign Visitors","2023 December","All Residencies","Day-to-Day Expenditure","Euro Million","204.6"
"Expenditure of Overnight Foreign Visitors","2023 December","All Residencies","All Travel Expenditure","Euro Million","514.5"
"Expenditure of Overnight Foreign Visitors","2024 January","Great Britain (England, Scotland & Wales)","Fare","Euro Million","24.8"
"Expenditure of Overnight Foreign Visitors","2024 January","Great Britain (England, Scotland & Wales)","Prepayments","Euro Million","1.8"
"Expenditure of Overnight Foreign Visitors","2024 January","Great Britain (England, Scotland & Wales)","Accommodation","Euro Million","23.3"
"Expenditure of Overnight Foreign Visitors","2024 January","Great Britain (England, Scotland & Wales)","Day-to-Day Expenditure","Euro Million","58.4"
"Expenditure of Overnight Foreign Visitors","2024 January","Great Britain (England, Scotland & Wales)","All Travel Expenditure","Euro Million","108.4"
"Expenditure of Overnight Foreign Visitors","2024 January","Other Europe (3)","Fare","Euro Million","26.4"
"Expenditure of Overnight Foreign Visitors","2024 January","Other Europe (3)","Prepayments","Euro Million","2.1"
"Expenditure of Overnight Foreign Visitors","2024 January","Other Europe (3)","Accommodation","Euro Million","33.8"
"Expenditure of Overnight Foreign Visitors","2024 January","Other Europe (3)","Day-to-Day Expenditure","Euro Million","69.6"
"Expenditure of Overnight Foreign Visitors","2024 January","Other Europe (3)","All Travel Expenditure","Euro Million","132"
"Expenditure of Overnight Foreign Visitors","2024 January","USA & Canada","Fare","Euro Million","32.1"
"Expenditure of Overnight Foreign Visitors","2024 January","USA & Canada","Prepayments","Euro Million","6.1"
"Expenditure of Overnight Foreign Visitors","2024 January","USA & Canada","Accommodation","Euro Million","18.5"
"Expenditure of Overnight Foreign Visitors","2024 January","USA & Canada","Day-to-Day Expenditure","Euro Million","38"
"Expenditure of Overnight Foreign Visitors","2024 January","USA & Canada","All Travel Expenditure","Euro Million","94.7"
"Expenditure of Overnight Foreign Visitors","2024 January","Other Residencies","Fare","Euro Million","33.7"
"Expenditure of Overnight Foreign Visitors","2024 January","Other Residencies","Prepayments","Euro Million","0.6"
"Expenditure of Overnight Foreign Visitors","2024 January","Other Residencies","Accommodation","Euro Million","11.3"
"Expenditure of Overnight Foreign Visitors","2024 January","Other Residencies","Day-to-Day Expenditure","Euro Million","33.5"
"Expenditure of Overnight Foreign Visitors","2024 January","Other Residencies","All Travel Expenditure","Euro Million","79.1"
"Expenditure of Overnight Foreign Visitors","2024 January","All Residencies","Fare","Euro Million","117.1"
"Expenditure of Overnight Foreign Visitors","2024 January","All Residencies","Prepayments","Euro Million","10.6"
"Expenditure of Overnight Foreign Visitors","2024 January","All Residencies","Accommodation","Euro Million","86.9"
"Expenditure of Overnight Foreign Visitors","2024 January","All Residencies","Day-to-Day Expenditure","Euro Million","199.5"
"Expenditure of Overnight Foreign Visitors","2024 January","All Residencies","All Travel Expenditure","Euro Million","414.1"
"Percentage of Expenditure of Overnight Foreign Visitors","2023 April","Great Britain (England, Scotland & Wales)","Fare","%","24.4"
"Percentage of Expenditure of Overnight Foreign Visitors","2023 April","Great Britain (England, Scotland & Wales)","Prepayments","%","1.7"
"Percentage of Expenditure of Overnight Foreign Visitors","2023 April","Great Britain (England, Scotland & Wales)","Accommodation","%","24.1"
"Percentage of Expenditure of Overnight Foreign Visitors","2023 April","Great Britain (England, Scotland & Wales)","Day-to-Day Expenditure","%","49.8"
"Percentage of Expenditure of Overnight Foreign Visitors","2023 April","Great Britain (England, Scotland & Wales)","All Travel Expenditure","%","100"
"Percentage of Expenditure of Overnight Foreign Visitors","2023 April","Other Europe (3)","Fare","%","18.8"
"Percentage of Expenditure of Overnight Foreign Visitors","2023 April","Other Europe (3)","Prepayments","%","2"
"Percentage of Expenditure of Overnight Foreign Visitors","2023 April","Other Europe (3)","Accommodation","%","34.7"
"Percentage of Expenditure of Overnight Foreign Visitors","2023 April","Other Europe (3)","Day-to-Day Expenditure","%","44.6"
"Percentage of Expenditure of Overnight Foreign Visitors","2023 April","Other Europe (3)","All Travel Expenditure","%","100"
"Percentage of Expenditure of Overnight Foreign Visitors","2023 April","USA & Canada","Fare","%","31.2"
"Percentage of Expenditure of Overnight Foreign Visitors","2023 April","USA & Canada","Prepayments","%","3.2"
"Percentage of Expenditure of Overnight Foreign Visitors","2023 April","USA & Canada","Accommodation","%","28.9"
"Percentage of Expenditure of Overnight Foreign Visitors","2023 April","USA & Canada","Day-to-Day Expenditure","%","36.7"
"Percentage of Expenditure of Overnight Foreign Visitors","2023 April","USA & Canada","All Travel Expenditure","%","100"
"Percentage of Expenditure of Overnight Foreign Visitors","2023 April","Other Residencies","Fare","%","23.4"
"Percentage of Expenditure of Overnight Foreign Visitors","2023 April","Other Residencies","Prepayments","%","3.1"
"Percentage of Expenditure of Overnight Foreign Visitors","2023 April","Other Residencies","Accommodation","%","28.1"
"Percentage of Expenditure of Overnight Foreign Visitors","2023 April","Other Residencies","Day-to-Day Expenditure","%","45.4"
"Percentage of Expenditure of Overnight Foreign Visitors","2023 April","Other Residencies","All Travel Expenditure","%","100"
"Percentage of Expenditure of Overnight Foreign Visitors","2023 April","All Residencies","Fare","%","24.9"
"Percentage of Expenditure of Overnight Foreign Visitors","2023 April","All Residencies","Prepayments","%","2.5"
"Percentage of Expenditure of Overnight Foreign Visitors","2023 April","All Residencies","Accommodation","%","29.6"
"Percentage of Expenditure of Overnight Foreign Visitors","2023 April","All Residencies","Day-to-Day Expenditure","%","43"
"Percentage of Expenditure of Overnight Foreign Visitors","2023 April","All Residencies","All Travel Expenditure","%","100"
"Percentage of Expenditure of Overnight Foreign Visitors","2023 May","Great Britain (England, Scotland & Wales)","Fare","%","23.2"
"Percentage of Expenditure of Overnight Foreign Visitors","2023 May","Great Britain (England, Scotland & Wales)","Prepayments","%","2.6"
"Percentage of Expenditure of Overnight Foreign Visitors","2023 May","Great Britain (England, Scotland & Wales)","Accommodation","%","28.6"
"Percentage of Expenditure of Overnight Foreign Visitors","2023 May","Great Britain (England, Scotland & Wales)","Day-to-Day Expenditure","%","45.6"
"Percentage of Expenditure of Overnight Foreign Visitors","2023 May","Great Britain (England, Scotland & Wales)","All Travel Expenditure","%","100"
"Percentage of Expenditure of Overnight Foreign Visitors","2023 May","Other Europe (3)","Fare","%","18.1"
"Percentage of Expenditure of Overnight Foreign Visitors","2023 May","Other Europe (3)","Prepayments","%","1.8"
"Percentage of Expenditure of Overnight Foreign Visitors","2023 May","Other Europe (3)","Accommodation","%","39.9"
"Percentage of Expenditure of Overnight Foreign Visitors","2023 May","Other Europe (3)","Day-to-Day Expenditure","%","40.3"
"Percentage of Expenditure of Overnight Foreign Visitors","2023 May","Other Europe (3)","All Travel Expenditure","%","100"
"Percentage of Expenditure of Overnight Foreign Visitors","2023 May","USA & Canada","Fare","%","30.1"
"Percentage of Expenditure of Overnight Foreign Visitors","2023 May","USA & Canada","Prepayments","%","4.1"
"Percentage of Expenditure of Overnight Foreign Visitors","2023 May","USA & Canada","Accommodation","%","36.1"
"Percentage of Expenditure of Overnight Foreign Visitors","2023 May","USA & Canada","Day-to-Day Expenditure","%","29.7"
"Percentage of Expenditure of Overnight Foreign Visitors","2023 May","USA & Canada","All Travel Expenditure","%","100"
"Percentage of Expenditure of Overnight Foreign Visitors","2023 May","Other Residencies","Fare","%","24"
"Percentage of Expenditure of Overnight Foreign Visitors","2023 May","Other Residencies","Prepayments","%","2.4"
"Percentage of Expenditure of Overnight Foreign Visitors","2023 May","Other Residencies","Accommodation","%","25.6"
"Percentage of Expenditure of Overnight Foreign Visitors","2023 May","Other Residencies","Day-to-Day Expenditure","%","48"
"Percentage of Expenditure of Overnight Foreign Visitors","2023 May","Other Residencies","All Travel Expenditure","%","100"
"Percentage of Expenditure of Overnight Foreign Visitors","2023 May","All Residencies","Fare","%","24"
"Percentage of Expenditure of Overnight Foreign Visitors","2023 May","All Residencies","Prepayments","%","2.9"
"Percentage of Expenditure of Overnight Foreign Visitors","2023 May","All Residencies","Accommodation","%","35.4"
"Percentage of Expenditure of Overnight Foreign Visitors","2023 May","All Residencies","Day-to-Day Expenditure","%","37.8"
"Percentage of Expenditure of Overnight Foreign Visitors","2023 May","All Residencies","All Travel Expenditure","%","100"
"Percentage of Expenditure of Overnight Foreign Visitors","2023 June","Great Britain (England, Scotland & Wales)","Fare","%","24"
"Percentage of Expenditure of Overnight Foreign Visitors","2023 June","Great Britain (England, Scotland & Wales)","Prepayments","%","3.8"
"Percentage of Expenditure of Overnight Foreign Visitors","2023 June","Great Britain (England, Scotland & Wales)","Accommodation","%","28.7"
"Percentage of Expenditure of Overnight Foreign Visitors","2023 June","Great Britain (England, Scotland & Wales)","Day-to-Day Expenditure","%","43.5"
"Percentage of Expenditure of Overnight Foreign Visitors","2023 June","Great Britain (England, Scotland & Wales)","All Travel Expenditure","%","100"
"Percentage of Expenditure of Overnight Foreign Visitors","2023 June","Other Europe (3)","Fare","%","19.2"
"Percentage of Expenditure of Overnight Foreign Visitors","2023 June","Other Europe (3)","Prepayments","%","1.9"
"Percentage of Expenditure of Overnight Foreign Visitors","2023 June","Other Europe (3)","Accommodation","%","35.1"
"Percentage of Expenditure of Overnight Foreign Visitors","2023 June","Other Europe (3)","Day-to-Day Expenditure","%","43.8"
"Percentage of Expenditure of Overnight Foreign Visitors","2023 June","Other Europe (3)","All Travel Expenditure","%","100"
"Percentage of Expenditure of Overnight Foreign Visitors","2023 June","USA & Canada","Fare","%","35.6"
"Percentage of Expenditure of Overnight Foreign Visitors","2023 June","USA & Canada","Prepayments","%","3.6"
"Percentage of Expenditure of Overnight Foreign Visitors","2023 June","USA & Canada","Accommodation","%","32.5"
"Percentage of Expenditure of Overnight Foreign Visitors","2023 June","USA & Canada","Day-to-Day Expenditure","%","28.3"
"Percentage of Expenditure of Overnight Foreign Visitors","2023 June","USA & Canada","All Travel Expenditure","%","100"
"Percentage of Expenditure of Overnight Foreign Visitors","2023 June","Other Residencies","Fare","%","26.5"
"Percentage of Expenditure of Overnight Foreign Visitors","2023 June","Other Residencies","Prepayments","%","1.4"
"Percentage of Expenditure of Overnight Foreign Visitors","2023 June","Other Residencies","Accommodation","%","26.3"
"Percentage of Expenditure of Overnight Foreign Visitors","2023 June","Other Residencies","Day-to-Day Expenditure","%","45.8"
"Percentage of Expenditure of Overnight Foreign Visitors","2023 June","Other Residencies","All Travel Expenditure","%","100"
"Percentage of Expenditure of Overnight Foreign Visitors","2023 June","All Residencies","Fare","%","28.6"
"Percentage of Expenditure of Overnight Foreign Visitors","2023 June","All Residencies","Prepayments","%","3.1"
"Percentage of Expenditure of Overnight Foreign Visitors","2023 June","All Residencies","Accommodation","%","32.1"
"Percentage of Expenditure of Overnight Foreign Visitors","2023 June","All Residencies","Day-to-Day Expenditure","%","36.3"
"Percentage of Expenditure of Overnight Foreign Visitors","2023 June","All Residencies","All Travel Expenditure","%","100"
"Percentage of Expenditure of Overnight Foreign Visitors","2023 July","Great Britain (England, Scotland & Wales)","Fare","%","24"
"Percentage of Expenditure of Overnight Foreign Visitors","2023 July","Great Britain (England, Scotland & Wales)","Prepayments","%","1.9"
"Percentage of Expenditure of Overnight Foreign Visitors","2023 July","Great Britain (England, Scotland & Wales)","Accommodation","%","24.1"
"Percentage of Expenditure of Overnight Foreign Visitors","2023 July","Great Britain (England, Scotland & Wales)","Day-to-Day Expenditure","%","50.1"
"Percentage of Expenditure of Overnight Foreign Visitors","2023 July","Great Britain (England, Scotland & Wales)","All Travel Expenditure","%","100"
"Percentage of Expenditure of Overnight Foreign Visitors","2023 July","Other Europe (3)","Fare","%","19"
"Percentage of Expenditure of Overnight Foreign Visitors","2023 July","Other Europe (3)","Prepayments","%","3.2"
"Percentage of Expenditure of Overnight Foreign Visitors","2023 July","Other Europe (3)","Accommodation","%","35.9"
"Percentage of Expenditure of Overnight Foreign Visitors","2023 July","Other Europe (3)","Day-to-Day Expenditure","%","41.9"
"Percentage of Expenditure of Overnight Foreign Visitors","2023 July","Other Europe (3)","All Travel Expenditure","%","100"
"Percentage of Expenditure of Overnight Foreign Visitors","2023 July","USA & Canada","Fare","%","37.9"
"Percentage of Expenditure of Overnight Foreign Visitors","2023 July","USA & Canada","Prepayments","%","3.8"
"Percentage of Expenditure of Overnight Foreign Visitors","2023 July","USA & Canada","Accommodation","%","32.8"
"Percentage of Expenditure of Overnight Foreign Visitors","2023 July","USA & Canada","Day-to-Day Expenditure","%","25.6"
"Percentage of Expenditure of Overnight Foreign Visitors","2023 July","USA & Canada","All Travel Expenditure","%","100"
"Percentage of Expenditure of Overnight Foreign Visitors","2023 July","Other Residencies","Fare","%","29.4"
"Percentage of Expenditure of Overnight Foreign Visitors","2023 July","Other Residencies","Prepayments","%","2.8"
"Percentage of Expenditure of Overnight Foreign Visitors","2023 July","Other Residencies","Accommodation","%","21.6"
"Percentage of Expenditure of Overnight Foreign Visitors","2023 July","Other Residencies","Day-to-Day Expenditure","%","46.2"
"Percentage of Expenditure of Overnight Foreign Visitors","2023 July","Other Residencies","All Travel Expenditure","%","100"
"Percentage of Expenditure of Overnight Foreign Visitors","2023 July","All Residencies","Fare","%","29"
"Percentage of Expenditure of Overnight Foreign Visitors","2023 July","All Residencies","Prepayments","%","3.2"
"Percentage of Expenditure of Overnight Foreign Visitors","2023 July","All Residencies","Accommodation","%","31.1"
"Percentage of Expenditure of Overnight Foreign Visitors","2023 July","All Residencies","Day-to-Day Expenditure","%","36.8"
"Percentage of Expenditure of Overnight Foreign Visitors","2023 July","All Residencies","All Travel Expenditure","%","100"
"Percentage of Expenditure of Overnight Foreign Visitors","2023 August","Great Britain (England, Scotland & Wales)","Fare","%","25"
"Percentage of Expenditure of Overnight Foreign Visitors","2023 August","Great Britain (England, Scotland & Wales)","Prepayments","%","2.7"
"Percentage of Expenditure of Overnight Foreign Visitors","2023 August","Great Britain (England, Scotland & Wales)","Accommodation","%","25.1"
"Percentage of Expenditure of Overnight Foreign Visitors","2023 August","Great Britain (England, Scotland & Wales)","Day-to-Day Expenditure","%","47.2"
"Percentage of Expenditure of Overnight Foreign Visitors","2023 August","Great Britain (England, Scotland & Wales)","All Travel Expenditure","%","100"
"Percentage of Expenditure of Overnight Foreign Visitors","2023 August","Other Europe (3)","Fare","%","16.7"
"Percentage of Expenditure of Overnight Foreign Visitors","2023 August","Other Europe (3)","Prepayments","%","4.4"
"Percentage of Expenditure of Overnight Foreign Visitors","2023 August","Other Europe (3)","Accommodation","%","36.1"
"Percentage of Expenditure of Overnight Foreign Visitors","2023 August","Other Europe (3)","Day-to-Day Expenditure","%","42.8"
"Percentage of Expenditure of Overnight Foreign Visitors","2023 August","Other Europe (3)","All Travel Expenditure","%","100"
"Percentage of Expenditure of Overnight Foreign Visitors","2023 August","USA & Canada","Fare","%","36.8"
"Percentage of Expenditure of Overnight Foreign Visitors","2023 August","USA & Canada","Prepayments","%","5.2"
"Percentage of Expenditure of Overnight Foreign Visitors","2023 August","USA & Canada","Accommodation","%","33.6"
"Percentage of Expenditure of Overnight Foreign Visitors","2023 August","USA & Canada","Day-to-Day Expenditure","%","24.4"
"Percentage of Expenditure of Overnight Foreign Visitors","2023 August","USA & Canada","All Travel Expenditure","%","100"
"Percentage of Expenditure of Overnight Foreign Visitors","2023 August","Other Residencies","Fare","%","24.6"
"Percentage of Expenditure of Overnight Foreign Visitors","2023 August","Other Residencies","Prepayments","%","6.7"
"Percentage of Expenditure of Overnight Foreign Visitors","2023 August","Other Residencies","Accommodation","%","17.2"
"Percentage of Expenditure of Overnight Foreign Visitors","2023 August","Other Residencies","Day-to-Day Expenditure","%","51.5"
"Percentage of Expenditure of Overnight Foreign Visitors","2023 August","Other Residencies","All Travel Expenditure","%","100"
"Percentage of Expenditure of Overnight Foreign Visitors","2023 August","All Residencies","Fare","%","26.4"
"Percentage of Expenditure of Overnight Foreign Visitors","2023 August","All Residencies","Prepayments","%","4.6"
"Percentage of Expenditure of Overnight Foreign Visitors","2023 August","All Residencies","Accommodation","%","31.7"
"Percentage of Expenditure of Overnight Foreign Visitors","2023 August","All Residencies","Day-to-Day Expenditure","%","37.4"
"Percentage of Expenditure of Overnight Foreign Visitors","2023 August","All Residencies","All Travel Expenditure","%","100"
"Percentage of Expenditure of Overnight Foreign Visitors","2023 September","Great Britain (England, Scotland & Wales)","Fare","%","22.4"
"Percentage of Expenditure of Overnight Foreign Visitors","2023 September","Great Britain (England, Scotland & Wales)","Prepayments","%","2.9"
"Percentage of Expenditure of Overnight Foreign Visitors","2023 September","Great Britain (England, Scotland & Wales)","Accommodation","%","31.7"
"Percentage of Expenditure of Overnight Foreign Visitors","2023 September","Great Britain (England, Scotland & Wales)","Day-to-Day Expenditure","%","43.1"
"Percentage of Expenditure of Overnight Foreign Visitors","2023 September","Great Britain (England, Scotland & Wales)","All Travel Expenditure","%","100"
"Percentage of Expenditure of Overnight Foreign Visitors","2023 September","Other Europe (3)","Fare","%","17.6"
"Percentage of Expenditure of Overnight Foreign Visitors","2023 September","Other Europe (3)","Prepayments","%","3"
"Percentage of Expenditure of Overnight Foreign Visitors","2023 September","Other Europe (3)","Accommodation","%","39.7"
"Percentage of Expenditure of Overnight Foreign Visitors","2023 September","Other Europe (3)","Day-to-Day Expenditure","%","39.7"
"Percentage of Expenditure of Overnight Foreign Visitors","2023 September","Other Europe (3)","All Travel Expenditure","%","100"
"Percentage of Expenditure of Overnight Foreign Visitors","2023 September","USA & Canada","Fare","%","31.3"
"Percentage of Expenditure of Overnight Foreign Visitors","2023 September","USA & Canada","Prepayments","%","5.7"
"Percentage of Expenditure of Overnight Foreign Visitors","2023 September","USA & Canada","Accommodation","%","36"
"Percentage of Expenditure of Overnight Foreign Visitors","2023 September","USA & Canada","Day-to-Day Expenditure","%","27"
"Percentage of Expenditure of Overnight Foreign Visitors","2023 September","USA & Canada","All Travel Expenditure","%","100"
"Percentage of Expenditure of Overnight Foreign Visitors","2023 September","Other Residencies","Fare","%","24.9"
"Percentage of Expenditure of Overnight Foreign Visitors","2023 September","Other Residencies","Prepayments","%","4"
"Percentage of Expenditure of Overnight Foreign Visitors","2023 September","Other Residencies","Accommodation","%","28.1"
"Percentage of Expenditure of Overnight Foreign Visitors","2023 September","Other Residencies","Day-to-Day Expenditure","%","43"
"Percentage of Expenditure of Overnight Foreign Visitors","2023 September","Other Residencies","All Travel Expenditure","%","100"
"Percentage of Expenditure of Overnight Foreign Visitors","2023 September","All Residencies","Fare","%","25"
"Percentage of Expenditure of Overnight Foreign Visitors","2023 September","All Residencies","Prepayments","%","4.2"
"Percentage of Expenditure of Overnight Foreign Visitors","2023 September","All Residencies","Accommodation","%","35.3"
"Percentage of Expenditure of Overnight Foreign Visitors","2023 September","All Residencies","Day-to-Day Expenditure","%","35.5"
"Percentage of Expenditure of Overnight Foreign Visitors","2023 September","All Residencies","All Travel Expenditure","%","100"
"Percentage of Expenditure of Overnight Foreign Visitors","2023 October","Great Britain (England, Scotland & Wales)","Fare","%","22.9"
"Percentage of Expenditure of Overnight Foreign Visitors","2023 October","Great Britain (England, Scotland & Wales)","Prepayments","%","3.5"
"Percentage of Expenditure of Overnight Foreign Visitors","2023 October","Great Britain (England, Scotland & Wales)","Accommodation","%","30.3"
"Percentage of Expenditure of Overnight Foreign Visitors","2023 October","Great Britain (England, Scotland & Wales)","Day-to-Day Expenditure","%","43.3"
"Percentage of Expenditure of Overnight Foreign Visitors","2023 October","Great Britain (England, Scotland & Wales)","All Travel Expenditure","%","100"
"Percentage of Expenditure of Overnight Foreign Visitors","2023 October","Other Europe (3)","Fare","%","19.5"
"Percentage of Expenditure of Overnight Foreign Visitors","2023 October","Other Europe (3)","Prepayments","%","2.9"
"Percentage of Expenditure of Overnight Foreign Visitors","2023 October","Other Europe (3)","Accommodation","%","37.1"
"Percentage of Expenditure of Overnight Foreign Visitors","2023 October","Other Europe (3)","Day-to-Day Expenditure","%","40.5"
"Percentage of Expenditure of Overnight Foreign Visitors","2023 October","Other Europe (3)","All Travel Expenditure","%","100"
"Percentage of Expenditure of Overnight Foreign Visitors","2023 October","USA & Canada","Fare","%","31.8"
"Percentage of Expenditure of Overnight Foreign Visitors","2023 October","USA & Canada","Prepayments","%","5.8"
"Percentage of Expenditure of Overnight Foreign Visitors","2023 October","USA & Canada","Accommodation","%","34.3"
"Percentage of Expenditure of Overnight Foreign Visitors","2023 October","USA & Canada","Day-to-Day Expenditure","%","28.1"
"Percentage of Expenditure of Overnight Foreign Visitors","2023 October","USA & Canada","All Travel Expenditure","%","100"
"Percentage of Expenditure of Overnight Foreign Visitors","2023 October","Other Residencies","Fare","%","20.7"
"Percentage of Expenditure of Overnight Foreign Visitors","2023 October","Other Residencies","Prepayments","%","2.8"
"Percentage of Expenditure of Overnight Foreign Visitors","2023 October","Other Residencies","Accommodation","%","33.4"
"Percentage of Expenditure of Overnight Foreign Visitors","2023 October","Other Residencies","Day-to-Day Expenditure","%","43.1"
"Percentage of Expenditure of Overnight Foreign Visitors","2023 October","Other Residencies","All Travel Expenditure","%","100"
"Percentage of Expenditure of Overnight Foreign Visitors","2023 October","All Residencies","Fare","%","25.8"
"Percentage of Expenditure of Overnight Foreign Visitors","2023 October","All Residencies","Prepayments","%","4.3"
"Percentage of Expenditure of Overnight Foreign Visitors","2023 October","All Residencies","Accommodation","%","34.3"
"Percentage of Expenditure of Overnight Foreign Visitors","2023 October","All Residencies","Day-to-Day Expenditure","%","35.7"
"Percentage of Expenditure of Overnight Foreign Visitors","2023 October","All Residencies","All Travel Expenditure","%","100"
"Percentage of Expenditure of Overnight Foreign Visitors","2023 November","Great Britain (England, Scotland & Wales)","Fare","%","23.4"
"Percentage of Expenditure of Overnight Foreign Visitors","2023 November","Great Britain (England, Scotland & Wales)","Prepayments","%","2.4"
"Percentage of Expenditure of Overnight Foreign Visitors","2023 November","Great Britain (England, Scotland & Wales)","Accommodation","%","28"
"Percentage of Expenditure of Overnight Foreign Visitors","2023 November","Great Britain (England, Scotland & Wales)","Day-to-Day Expenditure","%","46.3"
"Percentage of Expenditure of Overnight Foreign Visitors","2023 November","Great Britain (England, Scotland & Wales)","All Travel Expenditure","%","100"
"Percentage of Expenditure of Overnight Foreign Visitors","2023 November","Other Europe (3)","Fare","%","19.1"
"Percentage of Expenditure of Overnight Foreign Visitors","2023 November","Other Europe (3)","Prepayments","%","2"
"Percentage of Expenditure of Overnight Foreign Visitors","2023 November","Other Europe (3)","Accommodation","%","35.9"
"Percentage of Expenditure of Overnight Foreign Visitors","2023 November","Other Europe (3)","Day-to-Day Expenditure","%","43"
"Percentage of Expenditure of Overnight Foreign Visitors","2023 November","Other Europe (3)","All Travel Expenditure","%","100"
"Percentage of Expenditure of Overnight Foreign Visitors","2023 November","USA & Canada","Fare","%","29.8"
"Percentage of Expenditure of Overnight Foreign Visitors","2023 November","USA & Canada","Prepayments","%","4.4"
"Percentage of Expenditure of Overnight Foreign Visitors","2023 November","USA & Canada","Accommodation","%","32.2"
"Percentage of Expenditure of Overnight Foreign Visitors","2023 November","USA & Canada","Day-to-Day Expenditure","%","33.6"
"Percentage of Expenditure of Overnight Foreign Visitors","2023 November","USA & Canada","All Travel Expenditure","%","100"
"Percentage of Expenditure of Overnight Foreign Visitors","2023 November","Other Residencies","Fare","%","25.1"
"Percentage of Expenditure of Overnight Foreign Visitors","2023 November","Other Residencies","Prepayments","%","1.1"
"Percentage of Expenditure of Overnight Foreign Visitors","2023 November","Other Residencies","Accommodation","%","25.3"
"Percentage of Expenditure of Overnight Foreign Visitors","2023 November","Other Residencies","Day-to-Day Expenditure","%","48.5"
"Percentage of Expenditure of Overnight Foreign Visitors","2023 November","Other Residencies","All Travel Expenditure","%","100"
"Percentage of Expenditure of Overnight Foreign Visitors","2023 November","All Residencies","Fare","%","24.3"
"Percentage of Expenditure of Overnight Foreign Visitors","2023 November","All Residencies","Prepayments","%","2.8"
"Percentage of Expenditure of Overnight Foreign Visitors","2023 November","All Residencies","Accommodation","%","31.7"
"Percentage of Expenditure of Overnight Foreign Visitors","2023 November","All Residencies","Day-to-Day Expenditure","%","41.2"
"Percentage of Expenditure of Overnight Foreign Visitors","2023 November","All Residencies","All Travel Expenditure","%","100"
"Percentage of Expenditure of Overnight Foreign Visitors","2023 December","Great Britain (England, Scotland & Wales)","Fare","%","23.9"
"Percentage of Expenditure of Overnight Foreign Visitors","2023 December","Great Britain (England, Scotland & Wales)","Prepayments","%","1.2"
"Percentage of Expenditure of Overnight Foreign Visitors","2023 December","Great Britain (England, Scotland & Wales)","Accommodation","%","26.2"
"Percentage of Expenditure of Overnight Foreign Visitors","2023 December","Great Britain (England, Scotland & Wales)","Day-to-Day Expenditure","%","48.7"
"Percentage of Expenditure of Overnight Foreign Visitors","2023 December","Great Britain (England, Scotland & Wales)","All Travel Expenditure","%","100"
"Percentage of Expenditure of Overnight Foreign Visitors","2023 December","Other Europe (3)","Fare","%","13.4"
"Percentage of Expenditure of Overnight Foreign Visitors","2023 December","Other Europe (3)","Prepayments","%","2.4"
"Percentage of Expenditure of Overnight Foreign Visitors","2023 December","Other Europe (3)","Accommodation","%","41.6"
"Percentage of Expenditure of Overnight Foreign Visitors","2023 December","Other Europe (3)","Day-to-Day Expenditure","%","42.6"
"Percentage of Expenditure of Overnight Foreign Visitors","2023 December","Other Europe (3)","All Travel Expenditure","%","100"
"Percentage of Expenditure of Overnight Foreign Visitors","2023 December","USA & Canada","Fare","%","28.2"
"Percentage of Expenditure of Overnight Foreign Visitors","2023 December","USA & Canada","Prepayments","%","4.8"
"Percentage of Expenditure of Overnight Foreign Visitors","2023 December","USA & Canada","Accommodation","%","34.1"
"Percentage of Expenditure of Overnight Foreign Visitors","2023 December","USA & Canada","Day-to-Day Expenditure","%","32.9"
"Percentage of Expenditure of Overnight Foreign Visitors","2023 December","USA & Canada","All Travel Expenditure","%","100"
"Percentage of Expenditure of Overnight Foreign Visitors","2023 December","Other Residencies","Fare","%","17.7"
"Percentage of Expenditure of Overnight Foreign Visitors","2023 December","Other Residencies","Prepayments","%","30.5"
"Percentage of Expenditure of Overnight Foreign Visitors","2023 December","Other Residencies","Accommodation","%","21.5"
"Percentage of Expenditure of Overnight Foreign Visitors","2023 December","Other Residencies","Day-to-Day Expenditure","%","30.3"
"Percentage of Expenditure of Overnight Foreign Visitors","2023 December","Other Residencies","All Travel Expenditure","%","100"
"Percentage of Expenditure of Overnight Foreign Visitors","2023 December","All Residencies","Fare","%","19.7"
"Percentage of Expenditure of Overnight Foreign Visitors","2023 December","All Residencies","Prepayments","%","6.8"
"Percentage of Expenditure of Overnight Foreign Visitors","2023 December","All Residencies","Accommodation","%","33.7"
"Percentage of Expenditure of Overnight Foreign Visitors","2023 December","All Residencies","Day-to-Day Expenditure","%","39.8"
"Percentage of Expenditure of Overnight Foreign Visitors","2023 December","All Residencies","All Travel Expenditure","%","100"
"Percentage of Expenditure of Overnight Foreign Visitors","2024 January","Great Britain (England, Scotland & Wales)","Fare","%","22.9"
"Percentage of Expenditure of Overnight Foreign Visitors","2024 January","Great Britain (England, Scotland & Wales)","Prepayments","%","1.7"
"Percentage of Expenditure of Overnight Foreign Visitors","2024 January","Great Britain (England, Scotland & Wales)","Accommodation","%","21.5"
"Percentage of Expenditure of Overnight Foreign Visitors","2024 January","Great Britain (England, Scotland & Wales)","Day-to-Day Expenditure","%","53.9"
"Percentage of Expenditure of Overnight Foreign Visitors","2024 January","Great Britain (England, Scotland & Wales)","All Travel Expenditure","%","100"
"Percentage of Expenditure of Overnight Foreign Visitors","2024 January","Other Europe (3)","Fare","%","20"
"Percentage of Expenditure of Overnight Foreign Visitors","2024 January","Other Europe (3)","Prepayments","%","1.6"
"Percentage of Expenditure of Overnight Foreign Visitors","2024 January","Other Europe (3)","Accommodation","%","25.6"
"Percentage of Expenditure of Overnight Foreign Visitors","2024 January","Other Europe (3)","Day-to-Day Expenditure","%","52.7"
"Percentage of Expenditure of Overnight Foreign Visitors","2024 January","Other Europe (3)","All Travel Expenditure","%","100"
"Percentage of Expenditure of Overnight Foreign Visitors","2024 January","USA & Canada","Fare","%","33.9"
"Percentage of Expenditure of Overnight Foreign Visitors","2024 January","USA & Canada","Prepayments","%","6.4"
"Percentage of Expenditure of Overnight Foreign Visitors","2024 January","USA & Canada","Accommodation","%","19.5"
"Percentage of Expenditure of Overnight Foreign Visitors","2024 January","USA & Canada","Day-to-Day Expenditure","%","40.1"
"Percentage of Expenditure of Overnight Foreign Visitors","2024 January","USA & Canada","All Travel Expenditure","%","100"
"Percentage of Expenditure of Overnight Foreign Visitors","2024 January","Other Residencies","Fare","%","42.7"
"Percentage of Expenditure of Overnight Foreign Visitors","2024 January","Other Residencies","Prepayments","%","0.7"
"Percentage of Expenditure of Overnight Foreign Visitors","2024 January","Other Residencies","Accommodation","%","14.2"
"Percentage of Expenditure of Overnight Foreign Visitors","2024 January","Other Residencies","Day-to-Day Expenditure","%","42.4"
"Percentage of Expenditure of Overnight Foreign Visitors","2024 January","Other Residencies","All Travel Expenditure","%","100"
"Percentage of Expenditure of Overnight Foreign Visitors","2024 January","All Residencies","Fare","%","28.3"
"Percentage of Expenditure of Overnight Foreign Visitors","2024 January","All Residencies","Prepayments","%","2.6"
"Percentage of Expenditure of Overnight Foreign Visitors","2024 January","All Residencies","Accommodation","%","21"
"Percentage of Expenditure of Overnight Foreign Visitors","2024 January","All Residencies","Day-to-Day Expenditure","%","48.2"
"Percentage of Expenditure of Overnight Foreign Visitors","2024 January","All Residencies","All Travel Expenditure","%","100"
"Mean Expenditure of Overnight Foreign Visitors","2023 April","Great Britain (England, Scotland & Wales)","Fare","Euro","149"
"Mean Expenditure of Overnight Foreign Visitors","2023 April","Great Britain (England, Scotland & Wales)","Prepayments","Euro","10"
"Mean Expenditure of Overnight Foreign Visitors","2023 April","Great Britain (England, Scotland & Wales)","Accommodation","Euro","147"
"Mean Expenditure of Overnight Foreign Visitors","2023 April","Great Britain (England, Scotland & Wales)","Day-to-Day Expenditure","Euro","304"
"Mean Expenditure of Overnight Foreign Visitors","2023 April","Great Britain (England, Scotland & Wales)","All Travel Expenditure","Euro","611"
"Mean Expenditure of Overnight Foreign Visitors","2023 April","Other Europe (3)","Fare","Euro","178"
"Mean Expenditure of Overnight Foreign Visitors","2023 April","Other Europe (3)","Prepayments","Euro","19"
"Mean Expenditure of Overnight Foreign Visitors","2023 April","Other Europe (3)","Accommodation","Euro","328"
"Mean Expenditure of Overnight Foreign Visitors","2023 April","Other Europe (3)","Day-to-Day Expenditure","Euro","422"
"Mean Expenditure of Overnight Foreign Visitors","2023 April","Other Europe (3)","All Travel Expenditure","Euro","947"
"Mean Expenditure of Overnight Foreign Visitors","2023 April","USA & Canada","Fare","Euro","685"
"Mean Expenditure of Overnight Foreign Visitors","2023 April","USA & Canada","Prepayments","Euro","70"
"Mean Expenditure of Overnight Foreign Visitors","2023 April","USA & Canada","Accommodation","Euro","636"
"Mean Expenditure of Overnight Foreign Visitors","2023 April","USA & Canada","Day-to-Day Expenditure","Euro","806"
"Mean Expenditure of Overnight Foreign Visitors","2023 April","USA & Canada","All Travel Expenditure","Euro","2197"
"Mean Expenditure of Overnight Foreign Visitors","2023 April","Other Residencies","Fare","Euro","460"
"Mean Expenditure of Overnight Foreign Visitors","2023 April","Other Residencies","Prepayments","Euro","62"
"Mean Expenditure of Overnight Foreign Visitors","2023 April","Other Residencies","Accommodation","Euro","552"
"Mean Expenditure of Overnight Foreign Visitors","2023 April","Other Residencies","Day-to-Day Expenditure","Euro","893"
"Mean Expenditure of Overnight Foreign Visitors","2023 April","Other Residencies","All Travel Expenditure","Euro","1967"
"Mean Expenditure of Overnight Foreign Visitors","2023 April","All Residencies","Fare","Euro","266"
"Mean Expenditure of Overnight Foreign Visitors","2023 April","All Residencies","Prepayments","Euro","26"
"Mean Expenditure of Overnight Foreign Visitors","2023 April","All Residencies","Accommodation","Euro","317"
"Mean Expenditure of Overnight Foreign Visitors","2023 April","All Residencies","Day-to-Day Expenditure","Euro","460"
"Mean Expenditure of Overnight Foreign Visitors","2023 April","All Residencies","All Travel Expenditure","Euro","1069"
"Mean Expenditure of Overnight Foreign Visitors","2023 May","Great Britain (England, Scotland & Wales)","Fare","Euro","144"
"Mean Expenditure of Overnight Foreign Visitors","2023 May","Great Britain (England, Scotland & Wales)","Prepayments","Euro","16"
"Mean Expenditure of Overnight Foreign Visitors","2023 May","Great Britain (England, Scotland & Wales)","Accommodation","Euro","178"
"Mean Expenditure of Overnight Foreign Visitors","2023 May","Great Britain (England, Scotland & Wales)","Day-to-Day Expenditure","Euro","283"
"Mean Expenditure of Overnight Foreign Visitors","2023 May","Great Britain (England, Scotland & Wales)","All Travel Expenditure","Euro","621"
"Mean Expenditure of Overnight Foreign Visitors","2023 May","Other Europe (3)","Fare","Euro","182"
"Mean Expenditure of Overnight Foreign Visitors","2023 May","Other Europe (3)","Prepayments","Euro","18"
"Mean Expenditure of Overnight Foreign Visitors","2023 May","Other Europe (3)","Accommodation","Euro","401"
"Mean Expenditure of Overnight Foreign Visitors","2023 May","Other Europe (3)","Day-to-Day Expenditure","Euro","406"
"Mean Expenditure of Overnight Foreign Visitors","2023 May","Other Europe (3)","All Travel Expenditure","Euro","1006"
"Mean Expenditure of Overnight Foreign Visitors","2023 May","USA & Canada","Fare","Euro","584"
"Mean Expenditure of Overnight Foreign Visitors","2023 May","USA & Canada","Prepayments","Euro","80"
"Mean Expenditure of Overnight Foreign Visitors","2023 May","USA & Canada","Accommodation","Euro","699"
"Mean Expenditure of Overnight Foreign Visitors","2023 May","USA & Canada","Day-to-Day Expenditure","Euro","575"
"Mean Expenditure of Overnight Foreign Visitors","2023 May","USA & Canada","All Travel Expenditure","Euro","1938"
"Mean Expenditure of Overnight Foreign Visitors","2023 May","Other Residencies","Fare","Euro","379"
"Mean Expenditure of Overnight Foreign Visitors","2023 May","Other Residencies","Prepayments","Euro","38"
"Mean Expenditure of Overnight Foreign Visitors","2023 May","Other Residencies","Accommodation","Euro","404"
"Mean Expenditure of Overnight Foreign Visitors","2023 May","Other Residencies","Day-to-Day Expenditure","Euro","759"
"Mean Expenditure of Overnight Foreign Visitors","2023 May","Other Residencies","All Travel Expenditure","Euro","1580"
"Mean Expenditure of Overnight Foreign Visitors","2023 May","All Residencies","Fare","Euro","263"
"Mean Expenditure of Overnight Foreign Visitors","2023 May","All Residencies","Prepayments","Euro","31"
"Mean Expenditure of Overnight Foreign Visitors","2023 May","All Residencies","Accommodation","Euro","388"
"Mean Expenditure of Overnight Foreign Visitors","2023 May","All Residencies","Day-to-Day Expenditure","Euro","414"
"Mean Expenditure of Overnight Foreign Visitors","2023 May","All Residencies","All Travel Expenditure","Euro","1096"
"Mean Expenditure of Overnight Foreign Visitors","2023 June","Great Britain (England, Scotland & Wales)","Fare","Euro","165"
"Mean Expenditure of Overnight Foreign Visitors","2023 June","Great Britain (England, Scotland & Wales)","Prepayments","Euro","26"
"Mean Expenditure of Overnight Foreign Visitors","2023 June","Great Britain (England, Scotland & Wales)","Accommodation","Euro","197"
"Mean Expenditure of Overnight Foreign Visitors","2023 June","Great Britain (England, Scotland & Wales)","Day-to-Day Expenditure","Euro","298"
"Mean Expenditure of Overnight Foreign Visitors","2023 June","Great Britain (England, Scotland & Wales)","All Travel Expenditure","Euro","685"
"Mean Expenditure of Overnight Foreign Visitors","2023 June","Other Europe (3)","Fare","Euro","232"
"Mean Expenditure of Overnight Foreign Visitors","2023 June","Other Europe (3)","Prepayments","Euro","23"
"Mean Expenditure of Overnight Foreign Visitors","2023 June","Other Europe (3)","Accommodation","Euro","423"
"Mean Expenditure of Overnight Foreign Visitors","2023 June","Other Europe (3)","Day-to-Day Expenditure","Euro","528"
"Mean Expenditure of Overnight Foreign Visitors","2023 June","Other Europe (3)","All Travel Expenditure","Euro","1205"
"Mean Expenditure of Overnight Foreign Visitors","2023 June","USA & Canada","Fare","Euro","861"
"Mean Expenditure of Overnight Foreign Visitors","2023 June","USA & Canada","Prepayments","Euro","88"
"Mean Expenditure of Overnight Foreign Visitors","2023 June","USA & Canada","Accommodation","Euro","785"
"Mean Expenditure of Overnight Foreign Visitors","2023 June","USA & Canada","Day-to-Day Expenditure","Euro","685"
"Mean Expenditure of Overnight Foreign Visitors","2023 June","USA & Canada","All Travel Expenditure","Euro","2420"
"Mean Expenditure of Overnight Foreign Visitors","2023 June","Other Residencies","Fare","Euro","368"
"Mean Expenditure of Overnight Foreign Visitors","2023 June","Other Residencies","Prepayments","Euro","19"
"Mean Expenditure of Overnight Foreign Visitors","2023 June","Other Residencies","Accommodation","Euro","365"
"Mean Expenditure of Overnight Foreign Visitors","2023 June","Other Residencies","Day-to-Day Expenditure","Euro","635"
"Mean Expenditure of Overnight Foreign Visitors","2023 June","Other Residencies","All Travel Expenditure","Euro","1387"
"Mean Expenditure of Overnight Foreign Visitors","2023 June","All Residencies","Fare","Euro","387"
"Mean Expenditure of Overnight Foreign Visitors","2023 June","All Residencies","Prepayments","Euro","42"
"Mean Expenditure of Overnight Foreign Visitors","2023 June","All Residencies","Accommodation","Euro","435"
"Mean Expenditure of Overnight Foreign Visitors","2023 June","All Residencies","Day-to-Day Expenditure","Euro","493"
"Mean Expenditure of Overnight Foreign Visitors","2023 June","All Residencies","All Travel Expenditure","Euro","1357"
"Mean Expenditure of Overnight Foreign Visitors","2023 July","Great Britain (England, Scotland & Wales)","Fare","Euro","171"
"Mean Expenditure of Overnight Foreign Visitors","2023 July","Great Britain (England, Scotland & Wales)","Prepayments","Euro","13"
"Mean Expenditure of Overnight Foreign Visitors","2023 July","Great Britain (England, Scotland & Wales)","Accommodation","Euro","171"
"Mean Expenditure of Overnight Foreign Visitors","2023 July","Great Britain (England, Scotland & Wales)","Day-to-Day Expenditure","Euro","356"
"Mean Expenditure of Overnight Foreign Visitors","2023 July","Great Britain (England, Scotland & Wales)","All Travel Expenditure","Euro","712"
"Mean Expenditure of Overnight Foreign Visitors","2023 July","Other Europe (3)","Fare","Euro","225"
"Mean Expenditure of Overnight Foreign Visitors","2023 July","Other Europe (3)","Prepayments","Euro","37"
"Mean Expenditure of Overnight Foreign Visitors","2023 July","Other Europe (3)","Accommodation","Euro","423"
"Mean Expenditure of Overnight Foreign Visitors","2023 July","Other Europe (3)","Day-to-Day Expenditure","Euro","494"
"Mean Expenditure of Overnight Foreign Visitors","2023 July","Other Europe (3)","All Travel Expenditure","Euro","1180"
"Mean Expenditure of Overnight Foreign Visitors","2023 July","USA & Canada","Fare","Euro","898"
"Mean Expenditure of Overnight Foreign Visitors","2023 July","USA & Canada","Prepayments","Euro","90"
"Mean Expenditure of Overnight Foreign Visitors","2023 July","USA & Canada","Accommodation","Euro","777"
"Mean Expenditure of Overnight Foreign Visitors","2023 July","USA & Canada","Day-to-Day Expenditure","Euro","606"
"Mean Expenditure of Overnight Foreign Visitors","2023 July","USA & Canada","All Travel Expenditure","Euro","2371"
"Mean Expenditure of Overnight Foreign Visitors","2023 July","Other Residencies","Fare","Euro","600"
"Mean Expenditure of Overnight Foreign Visitors","2023 July","Other Residencies","Prepayments","Euro","57"
"Mean Expenditure of Overnight Foreign Visitors","2023 July","Other Residencies","Accommodation","Euro","441"
"Mean Expenditure of Overnight Foreign Visitors","2023 July","Other Residencies","Day-to-Day Expenditure","Euro","944"
"Mean Expenditure of Overnight Foreign Visitors","2023 July","Other Residencies","All Travel Expenditure","Euro","2042"
"Mean Expenditure of Overnight Foreign Visitors","2023 July","All Residencies","Fare","Euro","391"
"Mean Expenditure of Overnight Foreign Visitors","2023 July","All Residencies","Prepayments","Euro","42"
"Mean Expenditure of Overnight Foreign Visitors","2023 July","All Residencies","Accommodation","Euro","418"
"Mean Expenditure of Overnight Foreign Visitors","2023 July","All Residencies","Day-to-Day Expenditure","Euro","495"
"Mean Expenditure of Overnight Foreign Visitors","2023 July","All Residencies","All Travel Expenditure","Euro","1346"
"Mean Expenditure of Overnight Foreign Visitors","2023 August","Great Britain (England, Scotland & Wales)","Fare","Euro","170"
"Mean Expenditure of Overnight Foreign Visitors","2023 August","Great Britain (England, Scotland & Wales)","Prepayments","Euro","18"
"Mean Expenditure of Overnight Foreign Visitors","2023 August","Great Britain (England, Scotland & Wales)","Accommodation","Euro","170"
"Mean Expenditure of Overnight Foreign Visitors","2023 August","Great Britain (England, Scotland & Wales)","Day-to-Day Expenditure","Euro","321"
"Mean Expenditure of Overnight Foreign Visitors","2023 August","Great Britain (England, Scotland & Wales)","All Travel Expenditure","Euro","679"
"Mean Expenditure of Overnight Foreign Visitors","2023 August","Other Europe (3)","Fare","Euro","222"
"Mean Expenditure of Overnight Foreign Visitors","2023 August","Other Europe (3)","Prepayments","Euro","58"
"Mean Expenditure of Overnight Foreign Visitors","2023 August","Other Europe (3)","Accommodation","Euro","480"
"Mean Expenditure of Overnight Foreign Visitors","2023 August","Other Europe (3)","Day-to-Day Expenditure","Euro","570"
"Mean Expenditure of Overnight Foreign Visitors","2023 August","Other Europe (3)","All Travel Expenditure","Euro","1331"
"Mean Expenditure of Overnight Foreign Visitors","2023 August","USA & Canada","Fare","Euro","837"
"Mean Expenditure of Overnight Foreign Visitors","2023 August","USA & Canada","Prepayments","Euro","118"
"Mean Expenditure of Overnight Foreign Visitors","2023 August","USA & Canada","Accommodation","Euro","763"
"Mean Expenditure of Overnight Foreign Visitors","2023 August","USA & Canada","Day-to-Day Expenditure","Euro","555"
"Mean Expenditure of Overnight Foreign Visitors","2023 August","USA & Canada","All Travel Expenditure","Euro","2273"
"Mean Expenditure of Overnight Foreign Visitors","2023 August","Other Residencies","Fare","Euro","506"
"Mean Expenditure of Overnight Foreign Visitors","2023 August","Other Residencies","Prepayments","Euro","138"
"Mean Expenditure of Overnight Foreign Visitors","2023 August","Other Residencies","Accommodation","Euro","352"
"Mean Expenditure of Overnight Foreign Visitors","2023 August","Other Residencies","Day-to-Day Expenditure","Euro","1057"
"Mean Expenditure of Overnight Foreign Visitors","2023 August","Other Residencies","All Travel Expenditure","Euro","2053"
"Mean Expenditure of Overnight Foreign Visitors","2023 August","All Residencies","Fare","Euro","356"
"Mean Expenditure of Overnight Foreign Visitors","2023 August","All Residencies","Prepayments","Euro","62"
"Mean Expenditure of Overnight Foreign Visitors","2023 August","All Residencies","Accommodation","Euro","428"
"Mean Expenditure of Overnight Foreign Visitors","2023 August","All Residencies","Day-to-Day Expenditure","Euro","505"
"Mean Expenditure of Overnight Foreign Visitors","2023 August","All Residencies","All Travel Expenditure","Euro","1351"
"Mean Expenditure of Overnight Foreign Visitors","2023 September","Great Britain (England, Scotland & Wales)","Fare","Euro","173"
"Mean Expenditure of Overnight Foreign Visitors","2023 September","Great Britain (England, Scotland & Wales)","Prepayments","Euro","22"
"Mean Expenditure of Overnight Foreign Visitors","2023 September","Great Britain (England, Scotland & Wales)","Accommodation","Euro","245"
"Mean Expenditure of Overnight Foreign Visitors","2023 September","Great Britain (England, Scotland & Wales)","Day-to-Day Expenditure","Euro","334"
"Mean Expenditure of Overnight Foreign Visitors","2023 September","Great Britain (England, Scotland & Wales)","All Travel Expenditure","Euro","775"
"Mean Expenditure of Overnight Foreign Visitors","2023 September","Other Europe (3)","Fare","Euro","198"
"Mean Expenditure of Overnight Foreign Visitors","2023 September","Other Europe (3)","Prepayments","Euro","34"
"Mean Expenditure of Overnight Foreign Visitors","2023 September","Other Europe (3)","Accommodation","Euro","447"
"Mean Expenditure of Overnight Foreign Visitors","2023 September","Other Europe (3)","Day-to-Day Expenditure","Euro","447"
"Mean Expenditure of Overnight Foreign Visitors","2023 September","Other Europe (3)","All Travel Expenditure","Euro","1127"
"Mean Expenditure of Overnight Foreign Visitors","2023 September","USA & Canada","Fare","Euro","735"
"Mean Expenditure of Overnight Foreign Visitors","2023 September","USA & Canada","Prepayments","Euro","133"
"Mean Expenditure of Overnight Foreign Visitors","2023 September","USA & Canada","Accommodation","Euro","845"
"Mean Expenditure of Overnight Foreign Visitors","2023 September","USA & Canada","Day-to-Day Expenditure","Euro","634"
"Mean Expenditure of Overnight Foreign Visitors","2023 September","USA & Canada","All Travel Expenditure","Euro","2347"
"Mean Expenditure of Overnight Foreign Visitors","2023 September","Other Residencies","Fare","Euro","576"
"Mean Expenditure of Overnight Foreign Visitors","2023 September","Other Residencies","Prepayments","Euro","92"
"Mean Expenditure of Overnight Foreign Visitors","2023 September","Other Residencies","Accommodation","Euro","650"
"Mean Expenditure of Overnight Foreign Visitors","2023 September","Other Residencies","Day-to-Day Expenditure","Euro","993"
"Mean Expenditure of Overnight Foreign Visitors","2023 September","Other Residencies","All Travel Expenditure","Euro","2310"
"Mean Expenditure of Overnight Foreign Visitors","2023 September","All Residencies","Fare","Euro","344"
"Mean Expenditure of Overnight Foreign Visitors","2023 September","All Residencies","Prepayments","Euro","58"
"Mean Expenditure of Overnight Foreign Visitors","2023 September","All Residencies","Accommodation","Euro","485"
"Mean Expenditure of Overnight Foreign Visitors","2023 September","All Residencies","Day-to-Day Expenditure","Euro","488"
"Mean Expenditure of Overnight Foreign Visitors","2023 September","All Residencies","All Travel Expenditure","Euro","1375"
"Mean Expenditure of Overnight Foreign Visitors","2023 October","Great Britain (England, Scotland & Wales)","Fare","Euro","137"
"Mean Expenditure of Overnight Foreign Visitors","2023 October","Great Britain (England, Scotland & Wales)","Prepayments","Euro","21"
"Mean Expenditure of Overnight Foreign Visitors","2023 October","Great Britain (England, Scotland & Wales)","Accommodation","Euro","181"
"Mean Expenditure of Overnight Foreign Visitors","2023 October","Great Britain (England, Scotland & Wales)","Day-to-Day Expenditure","Euro","258"
"Mean Expenditure of Overnight Foreign Visitors","2023 October","Great Britain (England, Scotland & Wales)","All Travel Expenditure","Euro","597"
"Mean Expenditure of Overnight Foreign Visitors","2023 October","Other Europe (3)","Fare","Euro","181"
"Mean Expenditure of Overnight Foreign Visitors","2023 October","Other Europe (3)","Prepayments","Euro","27"
"Mean Expenditure of Overnight Foreign Visitors","2023 October","Other Europe (3)","Accommodation","Euro","345"
"Mean Expenditure of Overnight Foreign Visitors","2023 October","Other Europe (3)","Day-to-Day Expenditure","Euro","377"
"Mean Expenditure of Overnight Foreign Visitors","2023 October","Other Europe (3)","All Travel Expenditure","Euro","929"
"Mean Expenditure of Overnight Foreign Visitors","2023 October","USA & Canada","Fare","Euro","708"
"Mean Expenditure of Overnight Foreign Visitors","2023 October","USA & Canada","Prepayments","Euro","129"
"Mean Expenditure of Overnight Foreign Visitors","2023 October","USA & Canada","Accommodation","Euro","762"
"Mean Expenditure of Overnight Foreign Visitors","2023 October","USA & Canada","Day-to-Day Expenditure","Euro","624"
"Mean Expenditure of Overnight Foreign Visitors","2023 October","USA & Canada","All Travel Expenditure","Euro","2223"
"Mean Expenditure of Overnight Foreign Visitors","2023 October","Other Residencies","Fare","Euro","496"
"Mean Expenditure of Overnight Foreign Visitors","2023 October","Other Residencies","Prepayments","Euro","67"
"Mean Expenditure of Overnight Foreign Visitors","2023 October","Other Residencies","Accommodation","Euro","802"
"Mean Expenditure of Overnight Foreign Visitors","2023 October","Other Residencies","Day-to-Day Expenditure","Euro","1033"
"Mean Expenditure of Overnight Foreign Visitors","2023 October","Other Residencies","All Travel Expenditure","Euro","2398"
"Mean Expenditure of Overnight Foreign Visitors","2023 October","All Residencies","Fare","Euro","311"
"Mean Expenditure of Overnight Foreign Visitors","2023 October","All Residencies","Prepayments","Euro","52"
"Mean Expenditure of Overnight Foreign Visitors","2023 October","All Residencies","Accommodation","Euro","412"
"Mean Expenditure of Overnight Foreign Visitors","2023 October","All Residencies","Day-to-Day Expenditure","Euro","429"
"Mean Expenditure of Overnight Foreign Visitors","2023 October","All Residencies","All Travel Expenditure","Euro","1204"
"Mean Expenditure of Overnight Foreign Visitors","2023 November","Great Britain (England, Scotland & Wales)","Fare","Euro","133"
"Mean Expenditure of Overnight Foreign Visitors","2023 November","Great Britain (England, Scotland & Wales)","Prepayments","Euro","13"
"Mean Expenditure of Overnight Foreign Visitors","2023 November","Great Britain (England, Scotland & Wales)","Accommodation","Euro","158"
"Mean Expenditure of Overnight Foreign Visitors","2023 November","Great Britain (England, Scotland & Wales)","Day-to-Day Expenditure","Euro","261"
"Mean Expenditure of Overnight Foreign Visitors","2023 November","Great Britain (England, Scotland & Wales)","All Travel Expenditure","Euro","565"
"Mean Expenditure of Overnight Foreign Visitors","2023 November","Other Europe (3)","Fare","Euro","171"
"Mean Expenditure of Overnight Foreign Visitors","2023 November","Other Europe (3)","Prepayments","Euro","18"
"Mean Expenditure of Overnight Foreign Visitors","2023 November","Other Europe (3)","Accommodation","Euro","322"
"Mean Expenditure of Overnight Foreign Visitors","2023 November","Other Europe (3)","Day-to-Day Expenditure","Euro","385"
"Mean Expenditure of Overnight Foreign Visitors","2023 November","Other Europe (3)","All Travel Expenditure","Euro","897"
"Mean Expenditure of Overnight Foreign Visitors","2023 November","USA & Canada","Fare","Euro","543"
"Mean Expenditure of Overnight Foreign Visitors","2023 November","USA & Canada","Prepayments","Euro","79"
"Mean Expenditure of Overnight Foreign Visitors","2023 November","USA & Canada","Accommodation","Euro","587"
"Mean Expenditure of Overnight Foreign Visitors","2023 November","USA & Canada","Day-to-Day Expenditure","Euro","613"
"Mean Expenditure of Overnight Foreign Visitors","2023 November","USA & Canada","All Travel Expenditure","Euro","1822"
"Mean Expenditure of Overnight Foreign Visitors","2023 November","Other Residencies","Fare","Euro","494"
"Mean Expenditure of Overnight Foreign Visitors","2023 November","Other Residencies","Prepayments","Euro","23"
"Mean Expenditure of Overnight Foreign Visitors","2023 November","Other Residencies","Accommodation","Euro","498"
"Mean Expenditure of Overnight Foreign Visitors","2023 November","Other Residencies","Day-to-Day Expenditure","Euro","954"
"Mean Expenditure of Overnight Foreign Visitors","2023 November","Other Residencies","All Travel Expenditure","Euro","1969"
"Mean Expenditure of Overnight Foreign Visitors","2023 November","All Residencies","Fare","Euro","240"
"Mean Expenditure of Overnight Foreign Visitors","2023 November","All Residencies","Prepayments","Euro","27"
"Mean Expenditure of Overnight Foreign Visitors","2023 November","All Residencies","Accommodation","Euro","312"
"Mean Expenditure of Overnight Foreign Visitors","2023 November","All Residencies","Day-to-Day Expenditure","Euro","406"
"Mean Expenditure of Overnight Foreign Visitors","2023 November","All Residencies","All Travel Expenditure","Euro","986"
"Mean Expenditure of Overnight Foreign Visitors","2023 December","Great Britain (England, Scotland & Wales)","Fare","Euro","138"
"Mean Expenditure of Overnight Foreign Visitors","2023 December","Great Britain (England, Scotland & Wales)","Prepayments","Euro","7"
"Mean Expenditure of Overnight Foreign Visitors","2023 December","Great Britain (England, Scotland & Wales)","Accommodation","Euro","151"
"Mean Expenditure of Overnight Foreign Visitors","2023 December","Great Britain (England, Scotland & Wales)","Day-to-Day Expenditure","Euro","280"
"Mean Expenditure of Overnight Foreign Visitors","2023 December","Great Britain (England, Scotland & Wales)","All Travel Expenditure","Euro","576"
"Mean Expenditure of Overnight Foreign Visitors","2023 December","Other Europe (3)","Fare","Euro","161"
"Mean Expenditure of Overnight Foreign Visitors","2023 December","Other Europe (3)","Prepayments","Euro","29"
"Mean Expenditure of Overnight Foreign Visitors","2023 December","Other Europe (3)","Accommodation","Euro","499"
"Mean Expenditure of Overnight Foreign Visitors","2023 December","Other Europe (3)","Day-to-Day Expenditure","Euro","511"
"Mean Expenditure of Overnight Foreign Visitors","2023 December","Other Europe (3)","All Travel Expenditure","Euro","1201"
"Mean Expenditure of Overnight Foreign Visitors","2023 December","USA & Canada","Fare","Euro","575"
"Mean Expenditure of Overnight Foreign Visitors","2023 December","USA & Canada","Prepayments","Euro","97"
"Mean Expenditure of Overnight Foreign Visitors","2023 December","USA & Canada","Accommodation","Euro","694"
"Mean Expenditure of Overnight Foreign Visitors","2023 December","USA & Canada","Day-to-Day Expenditure","Euro","669"
"Mean Expenditure of Overnight Foreign Visitors","2023 December","USA & Canada","All Travel Expenditure","Euro","2035"
"Mean Expenditure of Overnight Foreign Visitors","2023 December","Other Residencies","Fare","Euro","563"
"Mean Expenditure of Overnight Foreign Visitors","2023 December","Other Residencies","Prepayments","Euro","970"
"Mean Expenditure of Overnight Foreign Visitors","2023 December","Other Residencies","Accommodation","Euro","686"
"Mean Expenditure of Overnight Foreign Visitors","2023 December","Other Residencies","Day-to-Day Expenditure","Euro","966"
"Mean Expenditure of Overnight Foreign Visitors","2023 December","Other Residencies","All Travel Expenditure","Euro","3185"
"Mean Expenditure of Overnight Foreign Visitors","2023 December","All Residencies","Fare","Euro","228"
"Mean Expenditure of Overnight Foreign Visitors","2023 December","All Residencies","Prepayments","Euro","79"
"Mean Expenditure of Overnight Foreign Visitors","2023 December","All Residencies","Accommodation","Euro","389"
"Mean Expenditure of Overnight Foreign Visitors","2023 December","All Residencies","Day-to-Day Expenditure","Euro","460"
"Mean Expenditure of Overnight Foreign Visitors","2023 December","All Residencies","All Travel Expenditure","Euro","1156"
"Mean Expenditure of Overnight Foreign Visitors","2024 January","Great Britain (England, Scotland & Wales)","Fare","Euro","130"
"Mean Expenditure of Overnight Foreign Visitors","2024 January","Great Britain (England, Scotland & Wales)","Prepayments","Euro","10"
"Mean Expenditure of Overnight Foreign Visitors","2024 January","Great Britain (England, Scotland & Wales)","Accommodation","Euro","122"
"Mean Expenditure of Overnight Foreign Visitors","2024 January","Great Britain (England, Scotland & Wales)","Day-to-Day Expenditure","Euro","306"
"Mean Expenditure of Overnight Foreign Visitors","2024 January","Great Britain (England, Scotland & Wales)","All Travel Expenditure","Euro","567"
"Mean Expenditure of Overnight Foreign Visitors","2024 January","Other Europe (3)","Fare","Euro","153"
"Mean Expenditure of Overnight Foreign Visitors","2024 January","Other Europe (3)","Prepayments","Euro","12"
"Mean Expenditure of Overnight Foreign Visitors","2024 January","Other Europe (3)","Accommodation","Euro","196"
"Mean Expenditure of Overnight Foreign Visitors","2024 January","Other Europe (3)","Day-to-Day Expenditure","Euro","403"
"Mean Expenditure of Overnight Foreign Visitors","2024 January","Other Europe (3)","All Travel Expenditure","Euro","764"
"Mean Expenditure of Overnight Foreign Visitors","2024 January","USA & Canada","Fare","Euro","568"
"Mean Expenditure of Overnight Foreign Visitors","2024 January","USA & Canada","Prepayments","Euro","108"
"Mean Expenditure of Overnight Foreign Visitors","2024 January","USA & Canada","Accommodation","Euro","327"
"Mean Expenditure of Overnight Foreign Visitors","2024 January","USA & Canada","Day-to-Day Expenditure","Euro","671"
"Mean Expenditure of Overnight Foreign Visitors","2024 January","USA & Canada","All Travel Expenditure","Euro","1674"
"Mean Expenditure of Overnight Foreign Visitors","2024 January","Other Residencies","Fare","Euro","1073"
"Mean Expenditure of Overnight Foreign Visitors","2024 January","Other Residencies","Prepayments","Euro","19"
"Mean Expenditure of Overnight Foreign Visitors","2024 January","Other Residencies","Accommodation","Euro","358"
"Mean Expenditure of Overnight Foreign Visitors","2024 January","Other Residencies","Day-to-Day Expenditure","Euro","1066"
"Mean Expenditure of Overnight Foreign Visitors","2024 January","Other Residencies","All Travel Expenditure","Euro","2516"
"Mean Expenditure of Overnight Foreign Visitors","2024 January","All Residencies","Fare","Euro","259"
"Mean Expenditure of Overnight Foreign Visitors","2024 January","All Residencies","Prepayments","Euro","24"
"Mean Expenditure of Overnight Foreign Visitors","2024 January","All Residencies","Accommodation","Euro","192"
"Mean Expenditure of Overnight Foreign Visitors","2024 January","All Residencies","Day-to-Day Expenditure","Euro","441"
"Mean Expenditure of Overnight Foreign Visitors","2024 January","All Residencies","All Travel Expenditure","Euro","916"
